,Opentime,Close,MA1,MA2
0,1652572800000,0.07162,,
1,1652573700000,0.07229,,
2,1652574600000,0.07141,,
3,1652575500000,0.07095,,
4,1652576400000,0.07058,,
5,1652577300000,0.07074,,
6,1652578200000,0.07048,,
7,1652579100000,0.07079,,
8,1652580000000,0.07042,,
9,1652580900000,0.07038,,
10,1652581800000,0.07052,,
11,1652582700000,0.0707,,
12,1652583600000,0.0704,,
13,1652584500000,0.0701,,
14,1652585400000,0.0704,,
15,1652586300000,0.07043,,
16,1652587200000,0.07049,,
17,1652588100000,0.07029,,
18,1652589000000,0.06991,,
19,1652589900000,0.06975,,
20,1652590800000,0.0696,,
21,1652591700000,0.06981,,
22,1652592600000,0.07016,,
23,1652593500000,0.06998,,
24,1652594400000,0.07,,
25,1652595300000,0.06988,,
26,1652596200000,0.06973,,
27,1652597100000,0.07012,,
28,1652598000000,0.07008,,
29,1652598900000,0.06962,,
30,1652599800000,0.06949,,
31,1652600700000,0.06935,,
32,1652601600000,0.06921,,
33,1652602500000,0.06894,,
34,1652603400000,0.0688,,
35,1652604300000,0.06854,,
36,1652605200000,0.06849,,
37,1652606100000,0.06875,,
38,1652607000000,0.06863,,
39,1652607900000,0.06835,,
40,1652608800000,0.06822,,
41,1652609700000,0.06831,,
42,1652610600000,0.06833,,
43,1652611500000,0.06918,,
44,1652612400000,0.0689,,
45,1652613300000,0.06929,,
46,1652614200000,0.06974,,
47,1652615100000,0.06998,,
48,1652616000000,0.07028,,
49,1652616900000,0.07013,,
50,1652617800000,0.06995,,
51,1652618700000,0.06969,,
52,1652619600000,0.06994,,
53,1652620500000,0.06955,,
54,1652621400000,0.06917,,
55,1652622300000,0.06892,,
56,1652623200000,0.06845,,
57,1652624100000,0.06792,,
58,1652625000000,0.06834,,
59,1652625900000,0.06823,,
60,1652626800000,0.06882,,
61,1652627700000,0.06866,,
62,1652628600000,0.06831,,
63,1652629500000,0.0683,,
64,1652630400000,0.06836,,
65,1652631300000,0.06863,,
66,1652632200000,0.06867,,
67,1652633100000,0.06878,,
68,1652634000000,0.06892,,
69,1652634900000,0.06887,,
70,1652635800000,0.06865,,
71,1652636700000,0.06856,,
72,1652637600000,0.06883,,
73,1652638500000,0.06911,,
74,1652639400000,0.06999,,
75,1652640300000,0.07017,,
76,1652641200000,0.07001,,
77,1652642100000,0.07002,,
78,1652643000000,0.07034,,
79,1652643900000,0.07048,,
80,1652644800000,0.07161,,
81,1652645700000,0.07152,,
82,1652646600000,0.07155,,
83,1652647500000,0.0715,,
84,1652648400000,0.07164,,
85,1652649300000,0.07114,,
86,1652650200000,0.07125,,
87,1652651100000,0.07151,,
88,1652652000000,0.07228,,
89,1652652900000,0.07219,,
90,1652653800000,0.07227,,
91,1652654700000,0.07197,,
92,1652655600000,0.07186,,
93,1652656500000,0.07225,,
94,1652657400000,0.07227,,
95,1652658300000,0.0724,,
96,1652659200000,0.07169,,
97,1652660100000,0.0714,,
98,1652661000000,0.0712,,
99,1652661900000,0.07125,,
100,1652662800000,0.07099,,
101,1652663700000,0.07086,,
102,1652664600000,0.07065,,
103,1652665500000,0.07125,,
104,1652666400000,0.07102,,
105,1652667300000,0.07109,,
106,1652668200000,0.07132,,
107,1652669100000,0.07176,,
108,1652670000000,0.07125,,
109,1652670900000,0.07127,,
110,1652671800000,0.071,,
111,1652672700000,0.07117,,
112,1652673600000,0.07087,,
113,1652674500000,0.07134,,
114,1652675400000,0.07078,,
115,1652676300000,0.07046,,
116,1652677200000,0.07059,,
117,1652678100000,0.07074,,
118,1652679000000,0.0705,,
119,1652679900000,0.07009,,
120,1652680800000,0.06917,,
121,1652681700000,0.06927,,
122,1652682600000,0.0696,,
123,1652683500000,0.06936,,
124,1652684400000,0.06889,,
125,1652685300000,0.069,,
126,1652686200000,0.0691,,
127,1652687100000,0.06901,,
128,1652688000000,0.06925,,
129,1652688900000,0.06895,,
130,1652689800000,0.06929,,
131,1652690700000,0.06911,,
132,1652691600000,0.06876,,
133,1652692500000,0.06843,,
134,1652693400000,0.06847,,
135,1652694300000,0.06854,,
136,1652695200000,0.06878,,
137,1652696100000,0.06887,,
138,1652697000000,0.06906,,
139,1652697900000,0.0694,,
140,1652698800000,0.06923,,
141,1652699700000,0.06924,,
142,1652700600000,0.06889,,
143,1652701500000,0.06887,,
144,1652702400000,0.06895,,
145,1652703300000,0.06927,,
146,1652704200000,0.06912,,
147,1652705100000,0.06912,,
148,1652706000000,0.06917,,
149,1652706900000,0.06918,,
150,1652707800000,0.0691,,
151,1652708700000,0.0687,,
152,1652709600000,0.06868,,
153,1652710500000,0.06884,,
154,1652711400000,0.0681,,
155,1652712300000,0.06729,,
156,1652713200000,0.06762,,
157,1652714100000,0.06781,,
158,1652715000000,0.06754,,
159,1652715900000,0.0677,,
160,1652716800000,0.06764,,
161,1652717700000,0.06784,,
162,1652718600000,0.06758,,
163,1652719500000,0.06779,,
164,1652720400000,0.06803,,
165,1652721300000,0.06871,,
166,1652722200000,0.06892,,
167,1652723100000,0.06893,,
168,1652724000000,0.06909,,
169,1652724900000,0.06914,,
170,1652725800000,0.06909,,
171,1652726700000,0.06916,,
172,1652727600000,0.06914,,
173,1652728500000,0.06901,,
174,1652729400000,0.06904,,
175,1652730300000,0.06897,,
176,1652731200000,0.06925,,
177,1652732100000,0.06939,,
178,1652733000000,0.06964,,
179,1652733900000,0.06946,,
180,1652734800000,0.06981,,
181,1652735700000,0.06974,,
182,1652736600000,0.06995,,
183,1652737500000,0.07,,
184,1652738400000,0.07006,,
185,1652739300000,0.06989,,
186,1652740200000,0.0697,,
187,1652741100000,0.06951,,
188,1652742000000,0.0694,,
189,1652742900000,0.0695,,
190,1652743800000,0.06914,,
191,1652744700000,0.06917,,
192,1652745600000,0.06937,,
193,1652746500000,0.06964,,
194,1652747400000,0.0699,,
195,1652748300000,0.06992,,
196,1652749200000,0.06945,,
197,1652750100000,0.06924,,
198,1652751000000,0.06942,,
199,1652751900000,0.06964,,
200,1652752800000,0.06981,,
201,1652753700000,0.06934,,
202,1652754600000,0.0695,,
203,1652755500000,0.0697,,
204,1652756400000,0.07013,,
205,1652757300000,0.07021,,
206,1652758200000,0.07048,,
207,1652759100000,0.07034,,
208,1652760000000,0.07066,,
209,1652760900000,0.07019,,
210,1652761800000,0.07039,,
211,1652762700000,0.07074,,
212,1652763600000,0.07075,,
213,1652764500000,0.07094,,
214,1652765400000,0.07096,,
215,1652766300000,0.071,,
216,1652767200000,0.07083,,
217,1652768100000,0.07078,,
218,1652769000000,0.07092,,
219,1652769900000,0.07103,,
220,1652770800000,0.07059,,
221,1652771700000,0.07028,,
222,1652772600000,0.07027,,
223,1652773500000,0.07022,,
224,1652774400000,0.07037,,
225,1652775300000,0.07021,,
226,1652776200000,0.07046,,
227,1652777100000,0.07034,,
228,1652778000000,0.07032,,
229,1652778900000,0.07042,,
230,1652779800000,0.07044,,
231,1652780700000,0.07038,,
232,1652781600000,0.07033,,
233,1652782500000,0.07031,,
234,1652783400000,0.07004,,
235,1652784300000,0.06996,,
236,1652785200000,0.07015,,
237,1652786100000,0.07045,,
238,1652787000000,0.07009,,
239,1652787900000,0.0703,,
240,1652788800000,0.07044,,
241,1652789700000,0.07095,,
242,1652790600000,0.07129,,
243,1652791500000,0.07132,,
244,1652792400000,0.0712,,
245,1652793300000,0.07139,,
246,1652794200000,0.07167,,
247,1652795100000,0.07126,,
248,1652796000000,0.07066,,
249,1652796900000,0.07079,,
250,1652797800000,0.07006,,
251,1652798700000,0.07013,,
252,1652799600000,0.07044,,
253,1652800500000,0.0698,,
254,1652801400000,0.07012,,
255,1652802300000,0.07039,,
256,1652803200000,0.06998,,
257,1652804100000,0.06989,,
258,1652805000000,0.0703,,
259,1652805900000,0.07026,,
260,1652806800000,0.07054,,
261,1652807700000,0.07064,,
262,1652808600000,0.07073,,
263,1652809500000,0.07059,,
264,1652810400000,0.07051,,
265,1652811300000,0.06995,,
266,1652812200000,0.07035,,
267,1652813100000,0.0707,,
268,1652814000000,0.07245,,
269,1652814900000,0.07266,,
270,1652815800000,0.07264,,
271,1652816700000,0.07305,,
272,1652817600000,0.07282,,
273,1652818500000,0.07308,,
274,1652819400000,0.07328,,
275,1652820300000,0.07285,,
276,1652821200000,0.07276,,
277,1652822100000,0.0725,,
278,1652823000000,0.07277,,
279,1652823900000,0.07279,,
280,1652824800000,0.07267,,
281,1652825700000,0.07237,,
282,1652826600000,0.07225,,
283,1652827500000,0.0726,,
284,1652828400000,0.07259,,
285,1652829300000,0.07262,,
286,1652830200000,0.0723,,
287,1652831100000,0.07225,,
288,1652832000000,0.07253,,
289,1652832900000,0.07277,,
290,1652833800000,0.07243,,
291,1652834700000,0.07241,,
292,1652835600000,0.07207,,
293,1652836500000,0.07191,,
294,1652837400000,0.07181,,
295,1652838300000,0.07188,,
296,1652839200000,0.07215,,
297,1652840100000,0.07216,,
298,1652841000000,0.07216,,
299,1652841900000,0.07223,,
300,1652842800000,0.07147,,
301,1652843700000,0.07176,,
302,1652844600000,0.0716,,
303,1652845500000,0.07158,,
304,1652846400000,0.07181,,
305,1652847300000,0.07192,,
306,1652848200000,0.07193,,
307,1652849100000,0.07181,,
308,1652850000000,0.07192,,
309,1652850900000,0.07198,,
310,1652851800000,0.07178,,
311,1652852700000,0.07198,,
312,1652853600000,0.07193,,
313,1652854500000,0.0717,,
314,1652855400000,0.0716,,
315,1652856300000,0.07138,,
316,1652857200000,0.07144,,
317,1652858100000,0.07161,,
318,1652859000000,0.0718,,
319,1652859900000,0.0717,,
320,1652860800000,0.0718,,
321,1652861700000,0.07186,,
322,1652862600000,0.07212,,
323,1652863500000,0.07245,,
324,1652864400000,0.07225,,
325,1652865300000,0.07203,,
326,1652866200000,0.07191,,
327,1652867100000,0.07205,,
328,1652868000000,0.07204,,
329,1652868900000,0.07184,,
330,1652869800000,0.07172,,
331,1652870700000,0.07179,,
332,1652871600000,0.07157,,
333,1652872500000,0.07139,,
334,1652873400000,0.0717,,
335,1652874300000,0.0715,,
336,1652875200000,0.07122,,
337,1652876100000,0.07107,,
338,1652877000000,0.07076,,
339,1652877900000,0.07009,,
340,1652878800000,0.07007,,
341,1652879700000,0.06984,,
342,1652880600000,0.06961,,
343,1652881500000,0.06975,,
344,1652882400000,0.07015,,
345,1652883300000,0.07031,,
346,1652884200000,0.06983,,
347,1652885100000,0.07026,,
348,1652886000000,0.07017,,
349,1652886900000,0.06969,,
350,1652887800000,0.0698,,
351,1652888700000,0.07005,,
352,1652889600000,0.0701,,
353,1652890500000,0.07057,,
354,1652891400000,0.07067,,
355,1652892300000,0.07103,,
356,1652893200000,0.07093,,
357,1652894100000,0.07113,,
358,1652895000000,0.07099,,
359,1652895900000,0.07091,,
360,1652896800000,0.07093,,
361,1652897700000,0.07138,,
362,1652898600000,0.07126,,
363,1652899500000,0.07159,,
364,1652900400000,0.07185,,
365,1652901300000,0.07201,,
366,1652902200000,0.07195,,
367,1652903100000,0.07199,,
368,1652904000000,0.07194,,
369,1652904900000,0.07223,,
370,1652905800000,0.07208,,
371,1652906700000,0.07201,,
372,1652907600000,0.07204,,
373,1652908500000,0.07194,,
374,1652909400000,0.07178,,
375,1652910300000,0.0716,,
376,1652911200000,0.07176,,
377,1652912100000,0.07152,,
378,1652913000000,0.07143,,
379,1652913900000,0.07127,,
380,1652914800000,0.07158,,
381,1652915700000,0.07089,,
382,1652916600000,0.07121,,
383,1652917500000,0.071,,
384,1652918400000,0.07161,,
385,1652919300000,0.07147,,
386,1652920200000,0.07126,,
387,1652921100000,0.07118,,
388,1652922000000,0.0715,,
389,1652922900000,0.07147,,
390,1652923800000,0.07106,,
391,1652924700000,0.07052,,
392,1652925600000,0.07013,,
393,1652926500000,0.07047,,
394,1652927400000,0.07063,,
395,1652928300000,0.07138,,
396,1652929200000,0.07155,,
397,1652930100000,0.07177,,
398,1652931000000,0.07179,,
399,1652931900000,0.07198,,
400,1652932800000,0.07213,,
401,1652933700000,0.07184,,
402,1652934600000,0.07201,,
403,1652935500000,0.07167,,
404,1652936400000,0.07157,,
405,1652937300000,0.07151,,
406,1652938200000,0.07125,,
407,1652939100000,0.07136,,
408,1652940000000,0.07177,,
409,1652940900000,0.07206,,
410,1652941800000,0.07182,,
411,1652942700000,0.07291,,
412,1652943600000,0.07304,,
413,1652944500000,0.07317,,
414,1652945400000,0.07313,,
415,1652946300000,0.07317,,
416,1652947200000,0.0732,,
417,1652948100000,0.07308,,
418,1652949000000,0.07274,,
419,1652949900000,0.07248,,
420,1652950800000,0.07248,,
421,1652951700000,0.07255,,
422,1652952600000,0.07208,,
423,1652953500000,0.07247,,
424,1652954400000,0.07258,,
425,1652955300000,0.07231,,
426,1652956200000,0.07271,,
427,1652957100000,0.07274,,
428,1652958000000,0.0725,,
429,1652958900000,0.07291,,
430,1652959800000,0.07352,,
431,1652960700000,0.07441,,
432,1652961600000,0.0737,,
433,1652962500000,0.07366,,
434,1652963400000,0.07346,,
435,1652964300000,0.07369,,
436,1652965200000,0.07389,,
437,1652966100000,0.07365,,
438,1652967000000,0.07334,,
439,1652967900000,0.07361,,
440,1652968800000,0.07383,,
441,1652969700000,0.07379,,
442,1652970600000,0.07364,,
443,1652971500000,0.07381,,
444,1652972400000,0.07394,,
445,1652973300000,0.074,,
446,1652974200000,0.07431,,
447,1652975100000,0.07428,,
448,1652976000000,0.07406,,
449,1652976900000,0.07407,,
450,1652977800000,0.07363,,
451,1652978700000,0.07379,,
452,1652979600000,0.07372,,
453,1652980500000,0.07369,,
454,1652981400000,0.07383,,
455,1652982300000,0.07411,,
456,1652983200000,0.07424,,
457,1652984100000,0.07372,,
458,1652985000000,0.07376,,
459,1652985900000,0.0741,,
460,1652986800000,0.07371,,
461,1652987700000,0.0734,,
462,1652988600000,0.07346,,
463,1652989500000,0.07328,,
464,1652990400000,0.0734,,
465,1652991300000,0.07342,,
466,1652992200000,0.07355,,
467,1652993100000,0.07375,,
468,1652994000000,0.07394,,
469,1652994900000,0.07376,,
470,1652995800000,0.07354,,
471,1652996700000,0.07344,,
472,1652997600000,0.07341,,
473,1652998500000,0.0732,,
474,1652999400000,0.07319,,
475,1653000300000,0.07346,,
476,1653001200000,0.07347,,
477,1653002100000,0.07383,,
478,1653003000000,0.07385,,
479,1653003900000,0.07357,,
480,1653004800000,0.07329,,
481,1653005700000,0.07323,,
482,1653006600000,0.07347,,
483,1653007500000,0.07371,,
484,1653008400000,0.0737,,
485,1653009300000,0.07391,,
486,1653010200000,0.07426,,
487,1653011100000,0.07428,,
488,1653012000000,0.07388,,
489,1653012900000,0.07409,,
490,1653013800000,0.0742,,
491,1653014700000,0.07453,,
492,1653015600000,0.07425,,
493,1653016500000,0.07415,,
494,1653017400000,0.07422,,
495,1653018300000,0.07437,,
496,1653019200000,0.07459,,
497,1653020100000,0.07434,,
498,1653021000000,0.0743,,
499,1653021900000,0.07467,,
500,1653022800000,0.07462,,
501,1653023700000,0.07456,,
502,1653024600000,0.07502,,
503,1653025500000,0.07482,,
504,1653026400000,0.07454,,
505,1653027300000,0.07377,,
506,1653028200000,0.07368,,
507,1653029100000,0.07362,,
508,1653030000000,0.0737,,
509,1653030900000,0.07362,,
510,1653031800000,0.07379,,
511,1653032700000,0.07366,,
512,1653033600000,0.07408,,
513,1653034500000,0.07423,,
514,1653035400000,0.07436,,
515,1653036300000,0.07446,,
516,1653037200000,0.07431,,
517,1653038100000,0.07428,,
518,1653039000000,0.07446,,
519,1653039900000,0.07449,,
520,1653040800000,0.07451,,
521,1653041700000,0.07413,,
522,1653042600000,0.07424,,
523,1653043500000,0.07455,,
524,1653044400000,0.07469,,
525,1653045300000,0.07447,,
526,1653046200000,0.07468,,
527,1653047100000,0.07487,,
528,1653048000000,0.07425,,
529,1653048900000,0.0743,,
530,1653049800000,0.07419,,
531,1653050700000,0.07377,,
532,1653051600000,0.07382,,
533,1653052500000,0.07385,,
534,1653053400000,0.07396,,
535,1653054300000,0.07385,,
536,1653055200000,0.07303,,
537,1653056100000,0.07248,,
538,1653057000000,0.07247,,
539,1653057900000,0.07243,,
540,1653058800000,0.07245,,
541,1653059700000,0.07253,,
542,1653060600000,0.0726,,
543,1653061500000,0.07286,,
544,1653062400000,0.07287,,
545,1653063300000,0.07329,,
546,1653064200000,0.07313,,
547,1653065100000,0.0735,,
548,1653066000000,0.07353,,
549,1653066900000,0.07302,,
550,1653067800000,0.07333,,
551,1653068700000,0.0735,,
552,1653069600000,0.07312,,
553,1653070500000,0.07334,,
554,1653071400000,0.07348,,
555,1653072300000,0.07339,,
556,1653073200000,0.07247,,
557,1653074100000,0.07121,,
558,1653075000000,0.07021,,
559,1653075900000,0.07047,,
560,1653076800000,0.07071,,
561,1653077700000,0.07117,,
562,1653078600000,0.07087,,
563,1653079500000,0.07101,,
564,1653080400000,0.07116,,
565,1653081300000,0.07131,,
566,1653082200000,0.07099,,
567,1653083100000,0.07106,,
568,1653084000000,0.07135,,
569,1653084900000,0.07155,,
570,1653085800000,0.07144,,
571,1653086700000,0.0712,,
572,1653087600000,0.0717,,
573,1653088500000,0.0715,,
574,1653089400000,0.07139,,
575,1653090300000,0.07124,,
576,1653091200000,0.07139,,
577,1653092100000,0.07146,,
578,1653093000000,0.07153,,
579,1653093900000,0.07141,,
580,1653094800000,0.0712,,
581,1653095700000,0.07081,,
582,1653096600000,0.07073,,
583,1653097500000,0.07092,,
584,1653098400000,0.07064,,
585,1653099300000,0.07123,,
586,1653100200000,0.07125,,
587,1653101100000,0.07128,,
588,1653102000000,0.07102,,
589,1653102900000,0.07094,,
590,1653103800000,0.07141,,
591,1653104700000,0.07154,,
592,1653105600000,0.07152,,
593,1653106500000,0.07145,,
594,1653107400000,0.07165,,
595,1653108300000,0.07161,,
596,1653109200000,0.07173,,
597,1653110100000,0.07114,,
598,1653111000000,0.07124,,
599,1653111900000,0.07138,,
600,1653112800000,0.07134,,
601,1653113700000,0.07169,,
602,1653114600000,0.07164,,
603,1653115500000,0.07169,,
604,1653116400000,0.07148,,
605,1653117300000,0.07181,,
606,1653118200000,0.07188,,
607,1653119100000,0.07173,,
608,1653120000000,0.07198,,
609,1653120900000,0.07191,,
610,1653121800000,0.07184,,
611,1653122700000,0.07184,,
612,1653123600000,0.07182,,
613,1653124500000,0.07173,,
614,1653125400000,0.07184,,
615,1653126300000,0.07191,,
616,1653127200000,0.07202,,
617,1653128100000,0.07163,,
618,1653129000000,0.07173,,
619,1653129900000,0.07195,,
620,1653130800000,0.07181,,
621,1653131700000,0.07184,,
622,1653132600000,0.07179,,
623,1653133500000,0.07205,,
624,1653134400000,0.07211,,
625,1653135300000,0.07206,,
626,1653136200000,0.07226,,
627,1653137100000,0.07239,,
628,1653138000000,0.07236,,
629,1653138900000,0.07252,,
630,1653139800000,0.07272,,
631,1653140700000,0.07277,,
632,1653141600000,0.07277,,
633,1653142500000,0.07294,,
634,1653143400000,0.07491,,
635,1653144300000,0.07544,,
636,1653145200000,0.07485,,
637,1653146100000,0.07505,,
638,1653147000000,0.0747,,
639,1653147900000,0.07489,,
640,1653148800000,0.07457,,
641,1653149700000,0.07448,,
642,1653150600000,0.07448,,
643,1653151500000,0.07413,,
644,1653152400000,0.07437,,
645,1653153300000,0.07415,,
646,1653154200000,0.07391,,
647,1653155100000,0.07384,,
648,1653156000000,0.07425,,
649,1653156900000,0.07399,,
650,1653157800000,0.07402,,
651,1653158700000,0.07428,,
652,1653159600000,0.07428,,
653,1653160500000,0.07379,,
654,1653161400000,0.07371,,
655,1653162300000,0.07386,,
656,1653163200000,0.07389,,
657,1653164100000,0.07385,,
658,1653165000000,0.07358,,
659,1653165900000,0.07375,,
660,1653166800000,0.07405,,
661,1653167700000,0.07403,,
662,1653168600000,0.07411,,
663,1653169500000,0.07378,,
664,1653170400000,0.07383,,
665,1653171300000,0.07399,,
666,1653172200000,0.07414,,
667,1653173100000,0.0743,,
668,1653174000000,0.0742,,
669,1653174900000,0.07439,,
670,1653175800000,0.07416,,
671,1653176700000,0.07404,,
672,1653177600000,0.07399,,
673,1653178500000,0.07395,,
674,1653179400000,0.07401,,
675,1653180300000,0.07419,,
676,1653181200000,0.07426,,
677,1653182100000,0.07419,,
678,1653183000000,0.07437,,
679,1653183900000,0.07432,,
680,1653184800000,0.07408,,
681,1653185700000,0.07388,,
682,1653186600000,0.07377,,
683,1653187500000,0.07406,,
684,1653188400000,0.0742,,
685,1653189300000,0.07422,,
686,1653190200000,0.07422,,
687,1653191100000,0.07427,,
688,1653192000000,0.07431,,
689,1653192900000,0.0739,,
690,1653193800000,0.07384,,
691,1653194700000,0.07364,,
692,1653195600000,0.0739,,
693,1653196500000,0.07419,,
694,1653197400000,0.07406,,
695,1653198300000,0.07417,,
696,1653199200000,0.07429,,
697,1653200100000,0.07445,,
698,1653201000000,0.07446,,
699,1653201900000,0.07437,,
700,1653202800000,0.07443,,
701,1653203700000,0.07472,,
702,1653204600000,0.07485,,
703,1653205500000,0.07505,,
704,1653206400000,0.07471,,
705,1653207300000,0.07488,,
706,1653208200000,0.07499,,
707,1653209100000,0.07507,,
708,1653210000000,0.07536,,
709,1653210900000,0.07512,,
710,1653211800000,0.07548,,
711,1653212700000,0.0755,,
712,1653213600000,0.0756,,
713,1653214500000,0.07563,,
714,1653215400000,0.07559,,
715,1653216300000,0.07555,,
716,1653217200000,0.07562,,
717,1653218100000,0.07516,,
718,1653219000000,0.07531,,
719,1653219900000,0.07534,,
720,1653220800000,0.07565,,
721,1653221700000,0.07546,,
722,1653222600000,0.07557,,
723,1653223500000,0.0767,,
724,1653224400000,0.0763,,
725,1653225300000,0.07643,,
726,1653226200000,0.07604,,
727,1653227100000,0.07623,,
728,1653228000000,0.07615,,
729,1653228900000,0.07616,,
730,1653229800000,0.07596,,
731,1653230700000,0.07607,,
732,1653231600000,0.07616,,
733,1653232500000,0.07578,,
734,1653233400000,0.0762,,
735,1653234300000,0.07609,,
736,1653235200000,0.0757,,
737,1653236100000,0.07607,,
738,1653237000000,0.07592,,
739,1653237900000,0.07626,,
740,1653238800000,0.07652,,
741,1653239700000,0.0768,,
742,1653240600000,0.07668,,
743,1653241500000,0.0766,,
744,1653242400000,0.07633,,
745,1653243300000,0.07678,,
746,1653244200000,0.07697,,
747,1653245100000,0.0771,,
748,1653246000000,0.0771,,
749,1653246900000,0.07707,,
750,1653247800000,0.07713,,
751,1653248700000,0.07715,,
752,1653249600000,0.07693,,
753,1653250500000,0.07698,,
754,1653251400000,0.07737,,
755,1653252300000,0.07746,,
756,1653253200000,0.07748,,
757,1653254100000,0.07752,,
758,1653255000000,0.07731,,
759,1653255900000,0.07758,,
760,1653256800000,0.07836,,
761,1653257700000,0.07827,,
762,1653258600000,0.07845,,
763,1653259500000,0.07829,,
764,1653260400000,0.07818,,
765,1653261300000,0.07806,,
766,1653262200000,0.078,,
767,1653263100000,0.07815,,
768,1653264000000,0.07886,,
769,1653264900000,0.07849,,
770,1653265800000,0.07884,,
771,1653266700000,0.0787,,
772,1653267600000,0.07817,,
773,1653268500000,0.07759,,
774,1653269400000,0.07693,,
775,1653270300000,0.07699,,
776,1653271200000,0.07703,,
777,1653272100000,0.07712,,
778,1653273000000,0.07707,,
779,1653273900000,0.07695,,
780,1653274800000,0.07716,,
781,1653275700000,0.07707,,
782,1653276600000,0.07723,,
783,1653277500000,0.07727,,
784,1653278400000,0.07772,,
785,1653279300000,0.07784,,
786,1653280200000,0.0776,,
787,1653281100000,0.0772,,
788,1653282000000,0.07741,,
789,1653282900000,0.07728,,
790,1653283800000,0.07718,,
791,1653284700000,0.07757,,
792,1653285600000,0.07756,,
793,1653286500000,0.07759,,
794,1653287400000,0.07784,,
795,1653288300000,0.07783,,
796,1653289200000,0.07795,,
797,1653290100000,0.07811,,
798,1653291000000,0.07804,,
799,1653291900000,0.07791,,
800,1653292800000,0.0781,,
801,1653293700000,0.07779,,
802,1653294600000,0.07729,,
803,1653295500000,0.0772,,
804,1653296400000,0.07738,,
805,1653297300000,0.07726,,
806,1653298200000,0.07692,,
807,1653299100000,0.07724,,
808,1653300000000,0.07754,,
809,1653300900000,0.07751,,
810,1653301800000,0.07729,,
811,1653302700000,0.07728,,
812,1653303600000,0.07756,,
813,1653304500000,0.07764,,
814,1653305400000,0.07781,,
815,1653306300000,0.07756,,
816,1653307200000,0.07758,,
817,1653308100000,0.07757,,
818,1653309000000,0.0773,,
819,1653309900000,0.07703,,
820,1653310800000,0.07675,,
821,1653311700000,0.07656,,
822,1653312600000,0.07674,,
823,1653313500000,0.07669,,
824,1653314400000,0.07615,,
825,1653315300000,0.07647,,
826,1653316200000,0.07633,,
827,1653317100000,0.07591,,
828,1653318000000,0.07616,,
829,1653318900000,0.07622,,
830,1653319800000,0.07619,,
831,1653320700000,0.07632,,
832,1653321600000,0.07638,,
833,1653322500000,0.0767,,
834,1653323400000,0.07733,,
835,1653324300000,0.07927,,
836,1653325200000,0.07983,,
837,1653326100000,0.08013,,
838,1653327000000,0.08048,,
839,1653327900000,0.0814,,
840,1653328800000,0.0815,,
841,1653329700000,0.08208,,
842,1653330600000,0.08207,,
843,1653331500000,0.08189,,
844,1653332400000,0.08156,,
845,1653333300000,0.08032,,
846,1653334200000,0.08064,,
847,1653335100000,0.0795,,
848,1653336000000,0.08045,,
849,1653336900000,0.08068,,
850,1653337800000,0.08034,,
851,1653338700000,0.0803,,
852,1653339600000,0.07991,,
853,1653340500000,0.07993,,
854,1653341400000,0.07982,,
855,1653342300000,0.08023,,
856,1653343200000,0.0796,,
857,1653344100000,0.07825,,
858,1653345000000,0.07803,,
859,1653345900000,0.07762,,
860,1653346800000,0.07683,,
861,1653347700000,0.0767,,
862,1653348600000,0.07617,,
863,1653349500000,0.07616,,
864,1653350400000,0.07701,,
865,1653351300000,0.0772,,
866,1653352200000,0.07678,,
867,1653353100000,0.07642,,
868,1653354000000,0.07634,,
869,1653354900000,0.07603,,
870,1653355800000,0.0762,,
871,1653356700000,0.07669,,
872,1653357600000,0.07651,,
873,1653358500000,0.07698,,
874,1653359400000,0.07723,,
875,1653360300000,0.07749,,
876,1653361200000,0.07753,,
877,1653362100000,0.07745,,
878,1653363000000,0.07746,,
879,1653363900000,0.07759,,
880,1653364800000,0.07744,,
881,1653365700000,0.07757,,
882,1653366600000,0.07785,,
883,1653367500000,0.07786,,
884,1653368400000,0.0781,,
885,1653369300000,0.07858,,
886,1653370200000,0.07838,,
887,1653371100000,0.07834,,
888,1653372000000,0.07774,,
889,1653372900000,0.07821,,
890,1653373800000,0.07779,,
891,1653374700000,0.07797,,
892,1653375600000,0.07835,,
893,1653376500000,0.07847,,
894,1653377400000,0.0781,,
895,1653378300000,0.07833,,
896,1653379200000,0.07796,,
897,1653380100000,0.07778,,
898,1653381000000,0.07747,,
899,1653381900000,0.0776,,
900,1653382800000,0.07906,,
901,1653383700000,0.07996,,
902,1653384600000,0.08012,,
903,1653385500000,0.08091,,
904,1653386400000,0.08102,,
905,1653387300000,0.08133,,
906,1653388200000,0.08194,,
907,1653389100000,0.08252,,
908,1653390000000,0.08157,,
909,1653390900000,0.08155,,
910,1653391800000,0.08131,,
911,1653392700000,0.08112,,
912,1653393600000,0.08074,,
913,1653394500000,0.08054,,
914,1653395400000,0.08073,,
915,1653396300000,0.08067,,
916,1653397200000,0.08043,,
917,1653398100000,0.08029,,
918,1653399000000,0.08073,,
919,1653399900000,0.07995,,
920,1653400800000,0.07966,,
921,1653401700000,0.08,,
922,1653402600000,0.08014,,
923,1653403500000,0.08034,,
924,1653404400000,0.08131,,
925,1653405300000,0.0825,,
926,1653406200000,0.08198,,
927,1653407100000,0.08201,,
928,1653408000000,0.0819,,
929,1653408900000,0.08096,,
930,1653409800000,0.08145,,
931,1653410700000,0.08182,,
932,1653411600000,0.08147,,
933,1653412500000,0.08236,,
934,1653413400000,0.08223,,
935,1653414300000,0.08225,,
936,1653415200000,0.08252,,
937,1653416100000,0.08201,,
938,1653417000000,0.08153,,
939,1653417900000,0.08146,,
940,1653418800000,0.0815,,
941,1653419700000,0.08052,,
942,1653420600000,0.08138,,
943,1653421500000,0.08189,,
944,1653422400000,0.08138,,
945,1653423300000,0.08152,,
946,1653424200000,0.0813,,
947,1653425100000,0.08123,,
948,1653426000000,0.08136,,
949,1653426900000,0.08121,,
950,1653427800000,0.0808,,
951,1653428700000,0.08136,,
952,1653429600000,0.08119,,
953,1653430500000,0.08038,,
954,1653431400000,0.08048,,
955,1653432300000,0.08019,,
956,1653433200000,0.08072,,
957,1653434100000,0.08053,,
958,1653435000000,0.08049,,
959,1653435900000,0.08064,,
960,1653436800000,0.08032,,
961,1653437700000,0.08042,,
962,1653438600000,0.08091,,
963,1653439500000,0.08085,,
964,1653440400000,0.08115,,
965,1653441300000,0.08183,,
966,1653442200000,0.08212,,
967,1653443100000,0.08185,,
968,1653444000000,0.08246,,
969,1653444900000,0.08277,,
970,1653445800000,0.08252,,
971,1653446700000,0.08217,,
972,1653447600000,0.08182,,
973,1653448500000,0.08229,,
974,1653449400000,0.08263,,
975,1653450300000,0.08285,,
976,1653451200000,0.08224,,
977,1653452100000,0.08202,,
978,1653453000000,0.08188,,
979,1653453900000,0.08197,,
980,1653454800000,0.0822,,
981,1653455700000,0.08219,,
982,1653456600000,0.08141,,
983,1653457500000,0.08101,,
984,1653458400000,0.08099,,
985,1653459300000,0.08106,,
986,1653460200000,0.0815,,
987,1653461100000,0.08151,,
988,1653462000000,0.08177,,
989,1653462900000,0.08148,,
990,1653463800000,0.08147,,
991,1653464700000,0.08155,,
992,1653465600000,0.08136,,
993,1653466500000,0.08131,,
994,1653467400000,0.08127,,
995,1653468300000,0.08149,,
996,1653469200000,0.0806,,
997,1653470100000,0.08061,,
998,1653471000000,0.08072,,
999,1653471900000,0.08087,,
1000,1653472800000,0.08092,,
1001,1653473700000,0.08094,,
1002,1653474600000,0.08091,,
1003,1653475500000,0.08086,,
1004,1653476400000,0.0801,,
1005,1653477300000,0.08038,,
1006,1653478200000,0.08041,,
1007,1653479100000,0.08018,,
1008,1653480000000,0.08062,,
1009,1653480900000,0.08028,,
1010,1653481800000,0.08117,,
1011,1653482700000,0.08149,,
1012,1653483600000,0.08169,,
1013,1653484500000,0.08175,,
1014,1653485400000,0.08296,,
1015,1653486300000,0.08393,,
1016,1653487200000,0.08454,,
1017,1653488100000,0.08455,,
1018,1653489000000,0.08388,,
1019,1653489900000,0.08409,,
1020,1653490800000,0.08418,,
1021,1653491700000,0.08376,,
1022,1653492600000,0.08392,,
1023,1653493500000,0.08402,,
1024,1653494400000,0.08377,,
1025,1653495300000,0.0834,,
1026,1653496200000,0.08365,,
1027,1653497100000,0.08437,,
1028,1653498000000,0.0842,,
1029,1653498900000,0.0838,,
1030,1653499800000,0.08365,,
1031,1653500700000,0.08355,,
1032,1653501600000,0.08389,,
1033,1653502500000,0.08411,,
1034,1653503400000,0.08386,,
1035,1653504300000,0.08392,,
1036,1653505200000,0.08399,,
1037,1653506100000,0.08376,,
1038,1653507000000,0.08389,,
1039,1653507900000,0.08365,,
1040,1653508800000,0.08373,,
1041,1653509700000,0.08372,,
1042,1653510600000,0.08397,,
1043,1653511500000,0.08425,,
1044,1653512400000,0.08415,,
1045,1653513300000,0.08452,,
1046,1653514200000,0.08637,,
1047,1653515100000,0.08515,,
1048,1653516000000,0.08462,,
1049,1653516900000,0.08489,,
1050,1653517800000,0.08508,,
1051,1653518700000,0.0853,,
1052,1653519600000,0.08547,,
1053,1653520500000,0.08535,,
1054,1653521400000,0.08474,,
1055,1653522300000,0.0847,,
1056,1653523200000,0.08519,,
1057,1653524100000,0.08536,,
1058,1653525000000,0.08482,,
1059,1653525900000,0.08494,,
1060,1653526800000,0.08485,,
1061,1653527700000,0.08508,,
1062,1653528600000,0.08476,,
1063,1653529500000,0.08499,,
1064,1653530400000,0.08565,,
1065,1653531300000,0.08631,,
1066,1653532200000,0.08626,,
1067,1653533100000,0.08591,,
1068,1653534000000,0.08508,,
1069,1653534900000,0.08479,,
1070,1653535800000,0.08496,,
1071,1653536700000,0.08512,,
1072,1653537600000,0.08466,,
1073,1653538500000,0.08427,,
1074,1653539400000,0.08435,,
1075,1653540300000,0.08427,,
1076,1653541200000,0.0843,,
1077,1653542100000,0.08362,,
1078,1653543000000,0.08307,,
1079,1653543900000,0.08271,,
1080,1653544800000,0.0823,,
1081,1653545700000,0.08246,,
1082,1653546600000,0.08167,,
1083,1653547500000,0.08198,,
1084,1653548400000,0.08176,,
1085,1653549300000,0.08206,,
1086,1653550200000,0.08201,,
1087,1653551100000,0.08185,,
1088,1653552000000,0.08101,,
1089,1653552900000,0.08067,,
1090,1653553800000,0.08127,,
1091,1653554700000,0.0811,,
1092,1653555600000,0.08129,,
1093,1653556500000,0.08111,,
1094,1653557400000,0.08188,,
1095,1653558300000,0.08121,,
1096,1653559200000,0.0815,,
1097,1653560100000,0.08127,,
1098,1653561000000,0.08092,,
1099,1653561900000,0.08036,,
1100,1653562800000,0.08006,,
1101,1653563700000,0.08022,,
1102,1653564600000,0.08045,,
1103,1653565500000,0.08093,,
1104,1653566400000,0.08266,,
1105,1653567300000,0.08172,,
1106,1653568200000,0.08208,,
1107,1653569100000,0.08218,,
1108,1653570000000,0.08127,,
1109,1653570900000,0.08211,,
1110,1653571800000,0.08234,,
1111,1653572700000,0.08346,,
1112,1653573600000,0.08308,,
1113,1653574500000,0.08311,,
1114,1653575400000,0.08331,,
1115,1653576300000,0.08333,,
1116,1653577200000,0.08314,,
1117,1653578100000,0.08282,,
1118,1653579000000,0.08297,,
1119,1653579900000,0.08337,,
1120,1653580800000,0.08495,,
1121,1653581700000,0.08528,,
1122,1653582600000,0.08594,,
1123,1653583500000,0.08562,,
1124,1653584400000,0.08524,,
1125,1653585300000,0.08507,,
1126,1653586200000,0.08473,,
1127,1653587100000,0.08457,,
1128,1653588000000,0.08429,,
1129,1653588900000,0.08485,,
1130,1653589800000,0.0845,,
1131,1653590700000,0.0842,,
1132,1653591600000,0.0838,,
1133,1653592500000,0.08347,,
1134,1653593400000,0.08289,,
1135,1653594300000,0.08215,,
1136,1653595200000,0.08213,,
1137,1653596100000,0.08243,,
1138,1653597000000,0.08154,,
1139,1653597900000,0.08167,,
1140,1653598800000,0.08204,,
1141,1653599700000,0.08164,,
1142,1653600600000,0.08129,,
1143,1653601500000,0.08174,,
1144,1653602400000,0.08219,,
1145,1653603300000,0.08213,,
1146,1653604200000,0.08169,,
1147,1653605100000,0.08188,,
1148,1653606000000,0.08196,,
1149,1653606900000,0.08285,,
1150,1653607800000,0.08249,,
1151,1653608700000,0.08223,,
1152,1653609600000,0.08192,,
1153,1653610500000,0.08224,,
1154,1653611400000,0.08162,,
1155,1653612300000,0.08196,,
1156,1653613200000,0.08125,,
1157,1653614100000,0.08033,,
1158,1653615000000,0.07997,,
1159,1653615900000,0.07969,,
1160,1653616800000,0.07845,,
1161,1653617700000,0.07948,,
1162,1653618600000,0.07986,,
1163,1653619500000,0.07991,,
1164,1653620400000,0.07998,,
1165,1653621300000,0.08031,,
1166,1653622200000,0.08021,,
1167,1653623100000,0.08011,,
1168,1653624000000,0.08029,,
1169,1653624900000,0.08072,,
1170,1653625800000,0.07936,,
1171,1653626700000,0.07931,,
1172,1653627600000,0.0796,,
1173,1653628500000,0.07939,,
1174,1653629400000,0.07877,,
1175,1653630300000,0.07925,,
1176,1653631200000,0.07957,,
1177,1653632100000,0.07993,,
1178,1653633000000,0.07989,,
1179,1653633900000,0.08012,,
1180,1653634800000,0.0808,,
1181,1653635700000,0.08142,,
1182,1653636600000,0.08141,,
1183,1653637500000,0.08084,,
1184,1653638400000,0.08146,,
1185,1653639300000,0.08152,,
1186,1653640200000,0.08155,,
1187,1653641100000,0.08087,,
1188,1653642000000,0.08085,,
1189,1653642900000,0.08117,,
1190,1653643800000,0.08123,,
1191,1653644700000,0.08169,,
1192,1653645600000,0.08196,,
1193,1653646500000,0.08176,,
1194,1653647400000,0.08197,,
1195,1653648300000,0.0813,,
1196,1653649200000,0.08185,,
1197,1653650100000,0.08225,,
1198,1653651000000,0.08301,,
1199,1653651900000,0.08256,,
1200,1653652800000,0.08242,,
1201,1653653700000,0.08269,,
1202,1653654600000,0.08364,,
1203,1653655500000,0.08296,,
1204,1653656400000,0.0826,,
1205,1653657300000,0.08189,,
1206,1653658200000,0.08199,,
1207,1653659100000,0.08266,,
1208,1653660000000,0.08209,,
1209,1653660900000,0.0812,,
1210,1653661800000,0.08023,,
1211,1653662700000,0.08056,,
1212,1653663600000,0.08068,,
1213,1653664500000,0.08097,,
1214,1653665400000,0.08096,,
1215,1653666300000,0.08075,,
1216,1653667200000,0.08087,,
1217,1653668100000,0.08013,,
1218,1653669000000,0.08002,,
1219,1653669900000,0.08008,,
1220,1653670800000,0.07997,,
1221,1653671700000,0.07961,,
1222,1653672600000,0.07932,,
1223,1653673500000,0.07938,,
1224,1653674400000,0.07925,,
1225,1653675300000,0.07927,,
1226,1653676200000,0.07889,,
1227,1653677100000,0.07918,,
1228,1653678000000,0.07895,,
1229,1653678900000,0.07873,,
1230,1653679800000,0.07883,,
1231,1653680700000,0.07958,,
1232,1653681600000,0.0794,,
1233,1653682500000,0.07919,,
1234,1653683400000,0.07953,,
1235,1653684300000,0.07915,,
1236,1653685200000,0.07915,,
1237,1653686100000,0.07925,,
1238,1653687000000,0.07952,,
1239,1653687900000,0.07913,,
1240,1653688800000,0.07991,,
1241,1653689700000,0.08052,,
1242,1653690600000,0.08053,,
1243,1653691500000,0.08039,,
1244,1653692400000,0.08046,,
1245,1653693300000,0.08032,,
1246,1653694200000,0.0803,,
1247,1653695100000,0.08083,,
1248,1653696000000,0.08033,,
1249,1653696900000,0.08035,,
1250,1653697800000,0.0806,,
1251,1653698700000,0.0807,,
1252,1653699600000,0.08065,,
1253,1653700500000,0.08016,,
1254,1653701400000,0.07979,,
1255,1653702300000,0.07972,,
1256,1653703200000,0.07972,,
1257,1653704100000,0.0801,,
1258,1653705000000,0.07902,,
1259,1653705900000,0.07936,,
1260,1653706800000,0.07962,,
1261,1653707700000,0.07964,,
1262,1653708600000,0.08004,,
1263,1653709500000,0.08015,,
1264,1653710400000,0.08028,,
1265,1653711300000,0.08017,,
1266,1653712200000,0.07998,,
1267,1653713100000,0.08031,,
1268,1653714000000,0.08031,,
1269,1653714900000,0.08037,,
1270,1653715800000,0.08011,,
1271,1653716700000,0.08003,,
1272,1653717600000,0.08019,,
1273,1653718500000,0.08004,,
1274,1653719400000,0.08033,,
1275,1653720300000,0.08008,,
1276,1653721200000,0.07978,,
1277,1653722100000,0.07959,,
1278,1653723000000,0.07981,,
1279,1653723900000,0.07995,,
1280,1653724800000,0.07999,,
1281,1653725700000,0.07974,,
1282,1653726600000,0.07998,,
1283,1653727500000,0.07967,,
1284,1653728400000,0.07971,,
1285,1653729300000,0.07938,,
1286,1653730200000,0.07968,,
1287,1653731100000,0.07973,,
1288,1653732000000,0.07958,,
1289,1653732900000,0.08142,,
1290,1653733800000,0.0821,,
1291,1653734700000,0.08194,,
1292,1653735600000,0.08218,,
1293,1653736500000,0.08223,,
1294,1653737400000,0.08202,,
1295,1653738300000,0.08223,,
1296,1653739200000,0.08181,,
1297,1653740100000,0.08188,,
1298,1653741000000,0.08161,,
1299,1653741900000,0.0818,,
1300,1653742800000,0.08191,,
1301,1653743700000,0.0821,,
1302,1653744600000,0.08189,,
1303,1653745500000,0.08192,,
1304,1653746400000,0.08182,,
1305,1653747300000,0.08189,,
1306,1653748200000,0.08209,,
1307,1653749100000,0.08213,,
1308,1653750000000,0.08219,,
1309,1653750900000,0.08228,,
1310,1653751800000,0.08217,,
1311,1653752700000,0.08233,,
1312,1653753600000,0.08222,,
1313,1653754500000,0.08197,,
1314,1653755400000,0.08197,,
1315,1653756300000,0.08195,,
1316,1653757200000,0.08189,,
1317,1653758100000,0.08203,,
1318,1653759000000,0.08193,,
1319,1653759900000,0.08164,,
1320,1653760800000,0.08187,,
1321,1653761700000,0.08201,,
1322,1653762600000,0.08213,,
1323,1653763500000,0.08228,,
1324,1653764400000,0.08207,,
1325,1653765300000,0.08206,,
1326,1653766200000,0.08198,,
1327,1653767100000,0.0822,,
1328,1653768000000,0.0819,,
1329,1653768900000,0.08181,,
1330,1653769800000,0.08185,,
1331,1653770700000,0.08195,,
1332,1653771600000,0.08166,,
1333,1653772500000,0.08159,,
1334,1653773400000,0.08095,,
1335,1653774300000,0.08107,,
1336,1653775200000,0.08102,,
1337,1653776100000,0.08094,,
1338,1653777000000,0.08079,,
1339,1653777900000,0.08073,,
1340,1653778800000,0.08125,,
1341,1653779700000,0.08133,,
1342,1653780600000,0.08157,,
1343,1653781500000,0.08118,,
1344,1653782400000,0.08121,,
1345,1653783300000,0.08104,,
1346,1653784200000,0.08098,,
1347,1653785100000,0.08111,,
1348,1653786000000,0.08076,,
1349,1653786900000,0.08075,,
1350,1653787800000,0.08087,,
1351,1653788700000,0.08051,,
1352,1653789600000,0.08024,,
1353,1653790500000,0.08029,,
1354,1653791400000,0.08039,,
1355,1653792300000,0.08038,,
1356,1653793200000,0.08036,,
1357,1653794100000,0.08006,,
1358,1653795000000,0.08008,,
1359,1653795900000,0.08039,,
1360,1653796800000,0.08034,,
1361,1653797700000,0.08066,,
1362,1653798600000,0.08091,,
1363,1653799500000,0.08052,,
1364,1653800400000,0.08054,,
1365,1653801300000,0.0809,,
1366,1653802200000,0.08087,,
1367,1653803100000,0.08097,,
1368,1653804000000,0.08103,,
1369,1653804900000,0.08112,,
1370,1653805800000,0.08109,,
1371,1653806700000,0.08111,,
1372,1653807600000,0.08091,,
1373,1653808500000,0.08093,,
1374,1653809400000,0.0808,,
1375,1653810300000,0.08077,,
1376,1653811200000,0.08059,,
1377,1653812100000,0.08096,,
1378,1653813000000,0.08097,,
1379,1653813900000,0.08072,,
1380,1653814800000,0.08048,,
1381,1653815700000,0.08023,,
1382,1653816600000,0.08015,,
1383,1653817500000,0.07996,,
1384,1653818400000,0.08069,,
1385,1653819300000,0.08066,,
1386,1653820200000,0.08071,,
1387,1653821100000,0.08078,,
1388,1653822000000,0.08108,,
1389,1653822900000,0.08142,,
1390,1653823800000,0.08148,,
1391,1653824700000,0.08167,,
1392,1653825600000,0.08219,,
1393,1653826500000,0.08191,,
1394,1653827400000,0.08183,,
1395,1653828300000,0.0821,,
1396,1653829200000,0.08209,,
1397,1653830100000,0.0821,,
1398,1653831000000,0.08196,,
1399,1653831900000,0.08168,,
1400,1653832800000,0.08176,,
1401,1653833700000,0.0818,,
1402,1653834600000,0.08212,,
1403,1653835500000,0.08183,,
1404,1653836400000,0.0817,,
1405,1653837300000,0.0815,,
1406,1653838200000,0.08166,,
1407,1653839100000,0.08162,,
1408,1653840000000,0.08176,,
1409,1653840900000,0.08174,,
1410,1653841800000,0.08172,,
1411,1653842700000,0.08133,,
1412,1653843600000,0.08144,,
1413,1653844500000,0.08152,,
1414,1653845400000,0.08152,,
1415,1653846300000,0.08131,,
1416,1653847200000,0.08118,,
1417,1653848100000,0.08078,,
1418,1653849000000,0.08047,,
1419,1653849900000,0.08038,,
1420,1653850800000,0.08029,,
1421,1653851700000,0.07968,,
1422,1653852600000,0.07856,,
1423,1653853500000,0.07934,,
1424,1653854400000,0.07956,,
1425,1653855300000,0.0797,,
1426,1653856200000,0.07981,,
1427,1653857100000,0.08,,
1428,1653858000000,0.07992,,
1429,1653858900000,0.08001,,
1430,1653859800000,0.08036,,
1431,1653860700000,0.08037,,
1432,1653861600000,0.08027,,
1433,1653862500000,0.08053,,
1434,1653863400000,0.08061,,
1435,1653864300000,0.08038,,
1436,1653865200000,0.08045,,
1437,1653866100000,0.08016,,
1438,1653867000000,0.08025,,
1439,1653867900000,0.08055,,
1440,1653868800000,0.08066,,
1441,1653869700000,0.08054,,
1442,1653870600000,0.0803,,
1443,1653871500000,0.08034,,
1444,1653872400000,0.08059,,
1445,1653873300000,0.08084,,
1446,1653874200000,0.08189,,
1447,1653875100000,0.08193,,
1448,1653876000000,0.0828,,
1449,1653876900000,0.08318,,
1450,1653877800000,0.08358,,
1451,1653878700000,0.08327,,
1452,1653879600000,0.08291,,
1453,1653880500000,0.08318,,
1454,1653881400000,0.08335,,
1455,1653882300000,0.08306,,
1456,1653883200000,0.08317,,
1457,1653884100000,0.08308,,
1458,1653885000000,0.08317,,
1459,1653885900000,0.08303,,
1460,1653886800000,0.08318,,
1461,1653887700000,0.08337,,
1462,1653888600000,0.08348,,
1463,1653889500000,0.08334,,
1464,1653890400000,0.08326,,
1465,1653891300000,0.08337,,
1466,1653892200000,0.08367,,
1467,1653893100000,0.08371,,
1468,1653894000000,0.08346,,
1469,1653894900000,0.08296,,
1470,1653895800000,0.08319,,
1471,1653896700000,0.08345,,
1472,1653897600000,0.08323,,
1473,1653898500000,0.08328,,
1474,1653899400000,0.08308,,
1475,1653900300000,0.08294,,
1476,1653901200000,0.08225,,
1477,1653902100000,0.0825,,
1478,1653903000000,0.08219,,
1479,1653903900000,0.08262,,
1480,1653904800000,0.08229,,
1481,1653905700000,0.08226,,
1482,1653906600000,0.08248,,
1483,1653907500000,0.08214,,
1484,1653908400000,0.08184,,
1485,1653909300000,0.08229,,
1486,1653910200000,0.08237,,
1487,1653911100000,0.08243,,
1488,1653912000000,0.08258,,
1489,1653912900000,0.0818,,
1490,1653913800000,0.0816,,
1491,1653914700000,0.08196,,
1492,1653915600000,0.08159,,
1493,1653916500000,0.08155,,
1494,1653917400000,0.08168,,
1495,1653918300000,0.08187,,
1496,1653919200000,0.08225,,
1497,1653920100000,0.08236,,
1498,1653921000000,0.08182,,
1499,1653921900000,0.08184,,
1500,1653922800000,0.0821,,
1501,1653923700000,0.08223,,
1502,1653924600000,0.08213,,
1503,1653925500000,0.08203,,
1504,1653926400000,0.08193,,
1505,1653927300000,0.082,,
1506,1653928200000,0.08207,,
1507,1653929100000,0.08222,,
1508,1653930000000,0.08204,,
1509,1653930900000,0.08285,,
1510,1653931800000,0.08303,,
1511,1653932700000,0.08314,,
1512,1653933600000,0.08298,,
1513,1653934500000,0.0828,,
1514,1653935400000,0.08287,,
1515,1653936300000,0.0828,,
1516,1653937200000,0.08313,,
1517,1653938100000,0.0831,,
1518,1653939000000,0.08262,,
1519,1653939900000,0.08257,,
1520,1653940800000,0.08294,,
1521,1653941700000,0.08358,,
1522,1653942600000,0.08325,,
1523,1653943500000,0.08347,,
1524,1653944400000,0.08373,,
1525,1653945300000,0.08402,,
1526,1653946200000,0.08365,,
1527,1653947100000,0.08409,,
1528,1653948000000,0.08372,,
1529,1653948900000,0.08349,,
1530,1653949800000,0.08339,,
1531,1653950700000,0.08344,,
1532,1653951600000,0.08371,,
1533,1653952500000,0.08359,,
1534,1653953400000,0.08345,,
1535,1653954300000,0.08325,,
1536,1653955200000,0.08263,,
1537,1653956100000,0.08294,,
1538,1653957000000,0.08257,,
1539,1653957900000,0.08237,,
1540,1653958800000,0.08222,,
1541,1653959700000,0.08225,,
1542,1653960600000,0.08213,,
1543,1653961500000,0.08221,,
1544,1653962400000,0.08255,,
1545,1653963300000,0.08274,,
1546,1653964200000,0.08215,,
1547,1653965100000,0.08198,,
1548,1653966000000,0.08244,,
1549,1653966900000,0.08204,,
1550,1653967800000,0.08201,,
1551,1653968700000,0.08195,,
1552,1653969600000,0.08094,,
1553,1653970500000,0.08079,,
1554,1653971400000,0.08095,,
1555,1653972300000,0.08095,,
1556,1653973200000,0.08048,,
1557,1653974100000,0.08044,,
1558,1653975000000,0.0802,,
1559,1653975900000,0.08023,,
1560,1653976800000,0.08034,,
1561,1653977700000,0.08071,,
1562,1653978600000,0.08077,,
1563,1653979500000,0.0808,,
1564,1653980400000,0.08095,,
1565,1653981300000,0.08081,,
1566,1653982200000,0.08068,,
1567,1653983100000,0.08086,,
1568,1653984000000,0.0807,,
1569,1653984900000,0.08112,,
1570,1653985800000,0.08094,,
1571,1653986700000,0.08094,,
1572,1653987600000,0.08067,,
1573,1653988500000,0.08076,,
1574,1653989400000,0.08081,,
1575,1653990300000,0.08129,,
1576,1653991200000,0.08121,,
1577,1653992100000,0.08118,,
1578,1653993000000,0.08137,,
1579,1653993900000,0.08138,,
1580,1653994800000,0.08139,,
1581,1653995700000,0.08128,,
1582,1653996600000,0.08115,,
1583,1653997500000,0.08106,,
1584,1653998400000,0.08123,,
1585,1653999300000,0.08073,,
1586,1654000200000,0.08005,,
1587,1654001100000,0.08013,,
1588,1654002000000,0.08046,,
1589,1654002900000,0.08069,,
1590,1654003800000,0.07952,,
1591,1654004700000,0.08008,,
1592,1654005600000,0.08024,,
1593,1654006500000,0.08018,,
1594,1654007400000,0.08057,,
1595,1654008300000,0.08063,,
1596,1654009200000,0.08051,,
1597,1654010100000,0.08064,,
1598,1654011000000,0.08086,,
1599,1654011900000,0.08116,,
1600,1654012800000,0.08053,,
1601,1654013700000,0.08079,,
1602,1654014600000,0.08093,,
1603,1654015500000,0.08079,,
1604,1654016400000,0.08076,,
1605,1654017300000,0.08043,,
1606,1654018200000,0.08039,,
1607,1654019100000,0.08074,,
1608,1654020000000,0.08086,,
1609,1654020900000,0.08084,,
1610,1654021800000,0.08058,,
1611,1654022700000,0.08058,,
1612,1654023600000,0.08064,,
1613,1654024500000,0.08063,,
1614,1654025400000,0.08062,,
1615,1654026300000,0.0811,,
1616,1654027200000,0.08135,,
1617,1654028100000,0.0817,,
1618,1654029000000,0.08209,,
1619,1654029900000,0.0821,,
1620,1654030800000,0.08212,,
1621,1654031700000,0.08207,,
1622,1654032600000,0.08215,,
1623,1654033500000,0.08187,,
1624,1654034400000,0.08173,,
1625,1654035300000,0.08193,,
1626,1654036200000,0.08196,,
1627,1654037100000,0.08205,,
1628,1654038000000,0.08208,,
1629,1654038900000,0.08314,,
1630,1654039800000,0.08404,,
1631,1654040700000,0.08441,,
1632,1654041600000,0.08379,,
1633,1654042500000,0.08289,,
1634,1654043400000,0.08312,,
1635,1654044300000,0.08368,,
1636,1654045200000,0.08331,,
1637,1654046100000,0.08284,,
1638,1654047000000,0.08271,,
1639,1654047900000,0.08277,,
1640,1654048800000,0.08272,,
1641,1654049700000,0.08243,,
1642,1654050600000,0.08273,,
1643,1654051500000,0.0825,,
1644,1654052400000,0.08228,,
1645,1654053300000,0.08257,,
1646,1654054200000,0.0825,,
1647,1654055100000,0.08276,,
1648,1654056000000,0.08331,,
1649,1654056900000,0.08344,,
1650,1654057800000,0.0831,,
1651,1654058700000,0.0833,,
1652,1654059600000,0.08327,,
1653,1654060500000,0.08299,,
1654,1654061400000,0.08303,,
1655,1654062300000,0.08312,,
1656,1654063200000,0.08264,,
1657,1654064100000,0.08292,,
1658,1654065000000,0.08308,,
1659,1654065900000,0.08293,,
1660,1654066800000,0.08383,,
1661,1654067700000,0.0843,,
1662,1654068600000,0.08425,,
1663,1654069500000,0.08413,,
1664,1654070400000,0.08483,,
1665,1654071300000,0.08441,,
1666,1654072200000,0.08553,,
1667,1654073100000,0.0867,,
1668,1654074000000,0.08637,,
1669,1654074900000,0.08758,,
1670,1654075800000,0.08795,,
1671,1654076700000,0.08836,,
1672,1654077600000,0.0891,,
1673,1654078500000,0.08886,,
1674,1654079400000,0.08984,,
1675,1654080300000,0.09036,,
1676,1654081200000,0.08994,,
1677,1654082100000,0.08997,,
1678,1654083000000,0.08999,,
1679,1654083900000,0.08958,,
1680,1654084800000,0.08897,,
1681,1654085700000,0.08904,,
1682,1654086600000,0.08966,,
1683,1654087500000,0.09027,,
1684,1654088400000,0.09031,,
1685,1654089300000,0.09021,,
1686,1654090200000,0.08959,,
1687,1654091100000,0.08978,,
1688,1654092000000,0.08977,,
1689,1654092900000,0.08886,,
1690,1654093800000,0.09029,,
1691,1654094700000,0.08958,,
1692,1654095600000,0.08974,,
1693,1654096500000,0.08917,,
1694,1654097400000,0.08871,,
1695,1654098300000,0.08813,,
1696,1654099200000,0.08801,,
1697,1654100100000,0.08837,,
1698,1654101000000,0.0886,,
1699,1654101900000,0.08835,,
1700,1654102800000,0.08705,,
1701,1654103700000,0.08663,,
1702,1654104600000,0.08641,,
1703,1654105500000,0.08626,,
1704,1654106400000,0.08644,,
1705,1654107300000,0.08655,,
1706,1654108200000,0.08581,,
1707,1654109100000,0.08534,,
1708,1654110000000,0.08565,,
1709,1654110900000,0.08552,,
1710,1654111800000,0.08601,,
1711,1654112700000,0.08565,,
1712,1654113600000,0.08538,,
1713,1654114500000,0.08419,,
1714,1654115400000,0.08413,,
1715,1654116300000,0.08433,,
1716,1654117200000,0.08448,,
1717,1654118100000,0.0843,,
1718,1654119000000,0.08449,,
1719,1654119900000,0.08403,,
1720,1654120800000,0.08444,,
1721,1654121700000,0.08422,,
1722,1654122600000,0.08398,,
1723,1654123500000,0.08362,,
1724,1654124400000,0.08428,,
1725,1654125300000,0.08377,,
1726,1654126200000,0.08354,,
1727,1654127100000,0.08356,,
1728,1654128000000,0.08295,,
1729,1654128900000,0.08264,,
1730,1654129800000,0.08246,,
1731,1654130700000,0.08213,,
1732,1654131600000,0.08262,,
1733,1654132500000,0.08256,,
1734,1654133400000,0.08254,,
1735,1654134300000,0.08235,,
1736,1654135200000,0.08191,,
1737,1654136100000,0.08122,,
1738,1654137000000,0.08188,,
1739,1654137900000,0.08182,,
1740,1654138800000,0.08169,,
1741,1654139700000,0.08233,,
1742,1654140600000,0.08257,,
1743,1654141500000,0.08245,,
1744,1654142400000,0.08239,,
1745,1654143300000,0.08249,,
1746,1654144200000,0.08275,,
1747,1654145100000,0.08217,,
1748,1654146000000,0.08174,,
1749,1654146900000,0.08205,,
1750,1654147800000,0.08241,,
1751,1654148700000,0.0824,,
1752,1654149600000,0.08236,,
1753,1654150500000,0.0822,,
1754,1654151400000,0.08229,,
1755,1654152300000,0.08247,,
1756,1654153200000,0.08224,,
1757,1654154100000,0.08296,,
1758,1654155000000,0.08253,,
1759,1654155900000,0.08243,,
1760,1654156800000,0.08243,,
1761,1654157700000,0.08252,,
1762,1654158600000,0.08261,,
1763,1654159500000,0.08265,,
1764,1654160400000,0.08251,,
1765,1654161300000,0.08259,,
1766,1654162200000,0.08235,,
1767,1654163100000,0.08238,,
1768,1654164000000,0.08246,,
1769,1654164900000,0.08207,,
1770,1654165800000,0.08285,,
1771,1654166700000,0.08322,,
1772,1654167600000,0.08334,,
1773,1654168500000,0.08388,,
1774,1654169400000,0.08409,,
1775,1654170300000,0.08448,,
1776,1654171200000,0.08499,,
1777,1654172100000,0.08475,,
1778,1654173000000,0.08446,,
1779,1654173900000,0.08449,,
1780,1654174800000,0.08343,,
1781,1654175700000,0.08352,,
1782,1654176600000,0.08441,,
1783,1654177500000,0.08384,,
1784,1654178400000,0.08403,,
1785,1654179300000,0.08358,,
1786,1654180200000,0.08374,,
1787,1654181100000,0.08404,,
1788,1654182000000,0.08454,,
1789,1654182900000,0.0854,,
1790,1654183800000,0.08529,,
1791,1654184700000,0.08493,,
1792,1654185600000,0.08506,,
1793,1654186500000,0.08434,,
1794,1654187400000,0.08476,,
1795,1654188300000,0.08463,,
1796,1654189200000,0.08403,,
1797,1654190100000,0.08414,,
1798,1654191000000,0.08403,,
1799,1654191900000,0.08386,,
1800,1654192800000,0.08418,,
1801,1654193700000,0.08406,,
1802,1654194600000,0.08391,,
1803,1654195500000,0.08347,,
1804,1654196400000,0.0832,,
1805,1654197300000,0.08336,,
1806,1654198200000,0.08323,,
1807,1654199100000,0.08347,,
1808,1654200000000,0.08359,,
1809,1654200900000,0.08381,,
1810,1654201800000,0.08382,,
1811,1654202700000,0.08333,,
1812,1654203600000,0.08375,,
1813,1654204500000,0.08392,,
1814,1654205400000,0.08413,,
1815,1654206300000,0.0842,,
1816,1654207200000,0.0844,,
1817,1654208100000,0.08446,,
1818,1654209000000,0.08453,,
1819,1654209900000,0.08414,,
1820,1654210800000,0.08429,,
1821,1654211700000,0.08444,,
1822,1654212600000,0.08429,,
1823,1654213500000,0.08432,,
1824,1654214400000,0.08429,,
1825,1654215300000,0.08442,,
1826,1654216200000,0.08417,,
1827,1654217100000,0.08463,,
1828,1654218000000,0.08453,,
1829,1654218900000,0.08486,,
1830,1654219800000,0.08578,,
1831,1654220700000,0.08607,,
1832,1654221600000,0.0856,,
1833,1654222500000,0.08588,,
1834,1654223400000,0.08562,,
1835,1654224300000,0.08537,,
1836,1654225200000,0.08546,,
1837,1654226100000,0.08551,,
1838,1654227000000,0.0857,,
1839,1654227900000,0.08575,,
1840,1654228800000,0.08569,,
1841,1654229700000,0.08538,,
1842,1654230600000,0.08538,,
1843,1654231500000,0.08512,,
1844,1654232400000,0.08512,,
1845,1654233300000,0.0851,,
1846,1654234200000,0.08536,,
1847,1654235100000,0.08544,,
1848,1654236000000,0.08531,,
1849,1654236900000,0.08498,,
1850,1654237800000,0.08479,,
1851,1654238700000,0.08468,,
1852,1654239600000,0.08473,,
1853,1654240500000,0.08442,,
1854,1654241400000,0.08445,,
1855,1654242300000,0.08452,,
1856,1654243200000,0.08471,,
1857,1654244100000,0.08468,,
1858,1654245000000,0.0844,,
1859,1654245900000,0.08449,,
1860,1654246800000,0.08419,,
1861,1654247700000,0.08366,,
1862,1654248600000,0.08253,,
1863,1654249500000,0.08241,,
1864,1654250400000,0.08221,,
1865,1654251300000,0.08219,,
1866,1654252200000,0.08171,,
1867,1654253100000,0.08191,,
1868,1654254000000,0.08181,,
1869,1654254900000,0.08202,,
1870,1654255800000,0.08212,,
1871,1654256700000,0.08197,,
1872,1654257600000,0.08209,,
1873,1654258500000,0.08164,,
1874,1654259400000,0.08157,,
1875,1654260300000,0.08124,,
1876,1654261200000,0.08164,,
1877,1654262100000,0.08135,,
1878,1654263000000,0.08115,,
1879,1654263900000,0.08138,,
1880,1654264800000,0.08148,,
1881,1654265700000,0.08091,,
1882,1654266600000,0.08075,,
1883,1654267500000,0.08079,,
1884,1654268400000,0.0808,,
1885,1654269300000,0.0812,,
1886,1654270200000,0.08112,,
1887,1654271100000,0.08089,,
1888,1654272000000,0.08124,,
1889,1654272900000,0.08141,,
1890,1654273800000,0.0814,,
1891,1654274700000,0.08144,,
1892,1654275600000,0.08129,,
1893,1654276500000,0.08123,,
1894,1654277400000,0.0811,,
1895,1654278300000,0.08122,,
1896,1654279200000,0.08102,,
1897,1654280100000,0.08103,,
1898,1654281000000,0.08124,,
1899,1654281900000,0.08121,,
1900,1654282800000,0.08134,,
1901,1654283700000,0.08127,,
1902,1654284600000,0.08121,,
1903,1654285500000,0.08118,,
1904,1654286400000,0.0814,,
1905,1654287300000,0.08126,,
1906,1654288200000,0.08143,,
1907,1654289100000,0.08144,,
1908,1654290000000,0.0814,,
1909,1654290900000,0.08184,,
1910,1654291800000,0.08175,,
1911,1654292700000,0.08193,,
1912,1654293600000,0.08205,,
1913,1654294500000,0.08193,,
1914,1654295400000,0.08156,,
1915,1654296300000,0.08151,,
1916,1654297200000,0.0813,,
1917,1654298100000,0.08126,,
1918,1654299000000,0.08089,,
1919,1654299900000,0.0811,,
1920,1654300800000,0.08129,,
1921,1654301700000,0.08132,,
1922,1654302600000,0.08122,,
1923,1654303500000,0.08074,,
1924,1654304400000,0.07892,,
1925,1654305300000,0.07893,,
1926,1654306200000,0.07889,,
1927,1654307100000,0.07839,,
1928,1654308000000,0.07783,,
1929,1654308900000,0.07839,,
1930,1654309800000,0.07806,,
1931,1654310700000,0.07829,,
1932,1654311600000,0.0784,,
1933,1654312500000,0.07699,,
1934,1654313400000,0.07716,,
1935,1654314300000,0.07713,,
1936,1654315200000,0.0789,,
1937,1654316100000,0.07887,,
1938,1654317000000,0.07923,,
1939,1654317900000,0.07918,,
1940,1654318800000,0.07862,,
1941,1654319700000,0.0785,,
1942,1654320600000,0.07865,,
1943,1654321500000,0.07931,,
1944,1654322400000,0.07915,,
1945,1654323300000,0.07909,,
1946,1654324200000,0.07933,,
1947,1654325100000,0.07947,,
1948,1654326000000,0.07958,,
1949,1654326900000,0.07915,,
1950,1654327800000,0.07942,,
1951,1654328700000,0.07955,,
1952,1654329600000,0.07927,,
1953,1654330500000,0.07921,,
1954,1654331400000,0.07947,,
1955,1654332300000,0.07972,,
1956,1654333200000,0.07988,,
1957,1654334100000,0.07969,,
1958,1654335000000,0.07949,,
1959,1654335900000,0.07966,,
1960,1654336800000,0.0798,,
1961,1654337700000,0.07999,,
1962,1654338600000,0.07992,,
1963,1654339500000,0.07994,,
1964,1654340400000,0.07995,,
1965,1654341300000,0.07973,,
1966,1654342200000,0.07986,,
1967,1654343100000,0.07959,,
1968,1654344000000,0.07927,,
1969,1654344900000,0.07962,,
1970,1654345800000,0.07897,,
1971,1654346700000,0.07869,,
1972,1654347600000,0.07928,,
1973,1654348500000,0.07964,,
1974,1654349400000,0.07942,,
1975,1654350300000,0.07935,,
1976,1654351200000,0.07919,,
1977,1654352100000,0.07971,,
1978,1654353000000,0.07993,,
1979,1654353900000,0.07968,,
1980,1654354800000,0.07981,,
1981,1654355700000,0.08,,
1982,1654356600000,0.07989,,
1983,1654357500000,0.08015,,
1984,1654358400000,0.07973,,
1985,1654359300000,0.0797,,
1986,1654360200000,0.07946,,
1987,1654361100000,0.07957,,
1988,1654362000000,0.07942,,
1989,1654362900000,0.07958,,
1990,1654363800000,0.07991,,
1991,1654364700000,0.07989,,
1992,1654365600000,0.07992,,
1993,1654366500000,0.08016,,
1994,1654367400000,0.0802,,
1995,1654368300000,0.08038,,
1996,1654369200000,0.08024,,
1997,1654370100000,0.08018,,
1998,1654371000000,0.08024,,
1999,1654371900000,0.08028,,
2000,1654372800000,0.08041,,
2001,1654373700000,0.08055,,
2002,1654374600000,0.08064,,
2003,1654375500000,0.08038,,
2004,1654376400000,0.0802,,
2005,1654377300000,0.08035,,
2006,1654378200000,0.08069,,
2007,1654379100000,0.08071,,
2008,1654380000000,0.08066,,
2009,1654380900000,0.08057,,
2010,1654381800000,0.08041,,
2011,1654382700000,0.08026,,
2012,1654383600000,0.08022,,
2013,1654384500000,0.08014,,
2014,1654385400000,0.08015,,
2015,1654386300000,0.08043,,
2016,1654387200000,0.08041,,
2017,1654388100000,0.08043,,
2018,1654389000000,0.07979,,
2019,1654389900000,0.07973,,
2020,1654390800000,0.07985,,
2021,1654391700000,0.0795,,
2022,1654392600000,0.07958,,
2023,1654393500000,0.07943,,
2024,1654394400000,0.07972,,
2025,1654395300000,0.07973,,
2026,1654396200000,0.07972,,
2027,1654397100000,0.07977,,
2028,1654398000000,0.07964,,
2029,1654398900000,0.07964,,
2030,1654399800000,0.07962,,
2031,1654400700000,0.0797,,
2032,1654401600000,0.07945,,
2033,1654402500000,0.07947,,
2034,1654403400000,0.07961,,
2035,1654404300000,0.07954,,
2036,1654405200000,0.07976,,
2037,1654406100000,0.07987,,
2038,1654407000000,0.07995,,
2039,1654407900000,0.0799,,
2040,1654408800000,0.08003,,
2041,1654409700000,0.07997,,
2042,1654410600000,0.08025,,
2043,1654411500000,0.08011,,
2044,1654412400000,0.08022,,
2045,1654413300000,0.0802,,
2046,1654414200000,0.08016,,
2047,1654415100000,0.07987,,
2048,1654416000000,0.08004,,
2049,1654416900000,0.08032,,
2050,1654417800000,0.08042,,
2051,1654418700000,0.08033,,
2052,1654419600000,0.07988,,
2053,1654420500000,0.08,,
2054,1654421400000,0.07997,,
2055,1654422300000,0.07995,,
2056,1654423200000,0.08032,,
2057,1654424100000,0.08036,,
2058,1654425000000,0.08024,,
2059,1654425900000,0.08024,,
2060,1654426800000,0.08024,,
2061,1654427700000,0.08052,,
2062,1654428600000,0.08099,,
2063,1654429500000,0.081,,
2064,1654430400000,0.0814,,
2065,1654431300000,0.08153,,
2066,1654432200000,0.08131,,
2067,1654433100000,0.08148,,
2068,1654434000000,0.0818,,
2069,1654434900000,0.08164,,
2070,1654435800000,0.08157,,
2071,1654436700000,0.08166,,
2072,1654437600000,0.08161,,
2073,1654438500000,0.08183,,
2074,1654439400000,0.08169,,
2075,1654440300000,0.08152,,
2076,1654441200000,0.08159,,
2077,1654442100000,0.0816,,
2078,1654443000000,0.08165,,
2079,1654443900000,0.08203,,
2080,1654444800000,0.08235,,
2081,1654445700000,0.08182,,
2082,1654446600000,0.08151,,
2083,1654447500000,0.08149,,
2084,1654448400000,0.08166,,
2085,1654449300000,0.08171,,
2086,1654450200000,0.0818,,
2087,1654451100000,0.08178,,
2088,1654452000000,0.08184,,
2089,1654452900000,0.08207,,
2090,1654453800000,0.0819,,
2091,1654454700000,0.0817,,
2092,1654455600000,0.08191,,
2093,1654456500000,0.08206,,
2094,1654457400000,0.0821,,
2095,1654458300000,0.08224,,
2096,1654459200000,0.08209,,
2097,1654460100000,0.08212,,
2098,1654461000000,0.08194,,
2099,1654461900000,0.08191,,
2100,1654462800000,0.08163,,
2101,1654463700000,0.08161,,
2102,1654464600000,0.0817,,
2103,1654465500000,0.08201,,
2104,1654466400000,0.08199,,
2105,1654467300000,0.08169,,
2106,1654468200000,0.08172,,
2107,1654469100000,0.08184,,
2108,1654470000000,0.08169,,
2109,1654470900000,0.08148,,
2110,1654471800000,0.08145,,
2111,1654472700000,0.08151,,
2112,1654473600000,0.08118,,
2113,1654474500000,0.08135,,
2114,1654475400000,0.08147,,
2115,1654476300000,0.08183,,
2116,1654477200000,0.08198,,
2117,1654478100000,0.08232,,
2118,1654479000000,0.08205,,
2119,1654479900000,0.08259,,
2120,1654480800000,0.08239,,
2121,1654481700000,0.08232,,
2122,1654482600000,0.08224,,
2123,1654483500000,0.08215,,
2124,1654484400000,0.08269,,
2125,1654485300000,0.08267,,
2126,1654486200000,0.08273,,
2127,1654487100000,0.08331,,
2128,1654488000000,0.083,,
2129,1654488900000,0.0832,,
2130,1654489800000,0.08309,,
2131,1654490700000,0.08347,,
2132,1654491600000,0.08344,,
2133,1654492500000,0.08319,,
2134,1654493400000,0.08335,,
2135,1654494300000,0.08303,,
2136,1654495200000,0.08307,,
2137,1654496100000,0.08323,,
2138,1654497000000,0.08338,,
2139,1654497900000,0.08422,,
2140,1654498800000,0.08438,,
2141,1654499700000,0.08427,,
2142,1654500600000,0.08407,,
2143,1654501500000,0.0843,,
2144,1654502400000,0.08441,,
2145,1654503300000,0.08441,,
2146,1654504200000,0.08438,,
2147,1654505100000,0.08437,,
2148,1654506000000,0.08449,,
2149,1654506900000,0.0846,,
2150,1654507800000,0.08462,,
2151,1654508700000,0.08477,,
2152,1654509600000,0.0843,,
2153,1654510500000,0.08432,,
2154,1654511400000,0.08439,,
2155,1654512300000,0.08456,,
2156,1654513200000,0.08392,,
2157,1654514100000,0.08414,,
2158,1654515000000,0.08397,,
2159,1654515900000,0.08356,,
2160,1654516800000,0.08328,,
2161,1654517700000,0.08332,,
2162,1654518600000,0.08346,,
2163,1654519500000,0.08331,,
2164,1654520400000,0.08289,,
2165,1654521300000,0.08325,,
2166,1654522200000,0.08308,,
2167,1654523100000,0.083,,
2168,1654524000000,0.08326,,
2169,1654524900000,0.08334,,
2170,1654525800000,0.08308,,
2171,1654526700000,0.08278,,
2172,1654527600000,0.08229,,
2173,1654528500000,0.08237,,
2174,1654529400000,0.08258,,
2175,1654530300000,0.08275,,
2176,1654531200000,0.08239,,
2177,1654532100000,0.08221,,
2178,1654533000000,0.08218,,
2179,1654533900000,0.08239,,
2180,1654534800000,0.08194,,
2181,1654535700000,0.08207,,
2182,1654536600000,0.082,,
2183,1654537500000,0.0821,,
2184,1654538400000,0.08213,,
2185,1654539300000,0.08216,,
2186,1654540200000,0.08209,,
2187,1654541100000,0.08195,,
2188,1654542000000,0.08174,,
2189,1654542900000,0.08174,,
2190,1654543800000,0.08171,,
2191,1654544700000,0.08161,,
2192,1654545600000,0.08157,,
2193,1654546500000,0.08163,,
2194,1654547400000,0.0813,,
2195,1654548300000,0.08133,,
2196,1654549200000,0.0815,,
2197,1654550100000,0.0817,,
2198,1654551000000,0.08193,,
2199,1654551900000,0.08184,,
2200,1654552800000,0.08215,,
2201,1654553700000,0.08197,,
2202,1654554600000,0.08194,,
2203,1654555500000,0.08195,,
2204,1654556400000,0.08217,,
2205,1654557300000,0.08211,,
2206,1654558200000,0.08209,,
2207,1654559100000,0.08161,,
2208,1654560000000,0.08146,,
2209,1654560900000,0.08039,,
2210,1654561800000,0.08006,,
2211,1654562700000,0.07987,,
2212,1654563600000,0.07971,,
2213,1654564500000,0.07946,,
2214,1654565400000,0.07923,,
2215,1654566300000,0.07941,,
2216,1654567200000,0.0791,,
2217,1654568100000,0.07943,,
2218,1654569000000,0.07947,,
2219,1654569900000,0.07927,,
2220,1654570800000,0.07943,,
2221,1654571700000,0.07986,,
2222,1654572600000,0.07989,,
2223,1654573500000,0.07996,,
2224,1654574400000,0.08004,,
2225,1654575300000,0.08025,,
2226,1654576200000,0.08011,,
2227,1654577100000,0.08003,,
2228,1654578000000,0.08008,,
2229,1654578900000,0.07997,,
2230,1654579800000,0.08018,,
2231,1654580700000,0.08009,,
2232,1654581600000,0.0801,,
2233,1654582500000,0.07975,,
2234,1654583400000,0.07978,,
2235,1654584300000,0.07986,,
2236,1654585200000,0.07982,,
2237,1654586100000,0.07976,,
2238,1654587000000,0.07975,,
2239,1654587900000,0.08098,,
2240,1654588800000,0.08141,,
2241,1654589700000,0.08088,,
2242,1654590600000,0.08096,,
2243,1654591500000,0.08102,,
2244,1654592400000,0.08056,,
2245,1654593300000,0.08039,,
2246,1654594200000,0.08023,,
2247,1654595100000,0.08037,,
2248,1654596000000,0.08042,,
2249,1654596900000,0.08061,,
2250,1654597800000,0.08067,,
2251,1654598700000,0.08027,,
2252,1654599600000,0.08014,,
2253,1654600500000,0.08011,,
2254,1654601400000,0.07996,,
2255,1654602300000,0.08003,,
2256,1654603200000,0.08004,,
2257,1654604100000,0.07987,,
2258,1654605000000,0.08028,,
2259,1654605900000,0.08007,,
2260,1654606800000,0.08008,,
2261,1654607700000,0.08032,,
2262,1654608600000,0.08071,,
2263,1654609500000,0.08074,,
2264,1654610400000,0.08078,,
2265,1654611300000,0.0814,,
2266,1654612200000,0.08193,,
2267,1654613100000,0.08156,,
2268,1654614000000,0.08179,,
2269,1654614900000,0.08115,,
2270,1654615800000,0.081,,
2271,1654616700000,0.08105,,
2272,1654617600000,0.0808,,
2273,1654618500000,0.08067,,
2274,1654619400000,0.0813,,
2275,1654620300000,0.08122,,
2276,1654621200000,0.08148,,
2277,1654622100000,0.08146,,
2278,1654623000000,0.08122,,
2279,1654623900000,0.0812,,
2280,1654624800000,0.08161,,
2281,1654625700000,0.08165,,
2282,1654626600000,0.08145,,
2283,1654627500000,0.08152,,
2284,1654628400000,0.08163,,
2285,1654629300000,0.08174,,
2286,1654630200000,0.08214,,
2287,1654631100000,0.0824,,
2288,1654632000000,0.08268,,
2289,1654632900000,0.08272,,
2290,1654633800000,0.08247,,
2291,1654634700000,0.0826,,
2292,1654635600000,0.08262,,
2293,1654636500000,0.08233,,
2294,1654637400000,0.08238,,
2295,1654638300000,0.0825,,
2296,1654639200000,0.0826,,
2297,1654640100000,0.08269,,
2298,1654641000000,0.08216,,
2299,1654641900000,0.08203,,
2300,1654642800000,0.0823,,
2301,1654643700000,0.08223,,
2302,1654644600000,0.08258,,
2303,1654645500000,0.08186,,
2304,1654646400000,0.08214,,
2305,1654647300000,0.08207,,
2306,1654648200000,0.08209,,
2307,1654649100000,0.08202,,
2308,1654650000000,0.08193,,
2309,1654650900000,0.08196,,
2310,1654651800000,0.08233,,
2311,1654652700000,0.08228,,
2312,1654653600000,0.08248,,
2313,1654654500000,0.08228,,
2314,1654655400000,0.08204,,
2315,1654656300000,0.08203,,
2316,1654657200000,0.08179,,
2317,1654658100000,0.08024,,
2318,1654659000000,0.07987,,
2319,1654659900000,0.07991,,
2320,1654660800000,0.08007,,
2321,1654661700000,0.08013,,
2322,1654662600000,0.08028,,
2323,1654663500000,0.08041,,
2324,1654664400000,0.08037,,
2325,1654665300000,0.08047,,
2326,1654666200000,0.0808,,
2327,1654667100000,0.08101,,
2328,1654668000000,0.08096,,
2329,1654668900000,0.08077,,
2330,1654669800000,0.08085,,
2331,1654670700000,0.08106,,
2332,1654671600000,0.08091,,
2333,1654672500000,0.081,,
2334,1654673400000,0.0812,,
2335,1654674300000,0.08116,,
2336,1654675200000,0.08104,,
2337,1654676100000,0.0815,,
2338,1654677000000,0.08122,,
2339,1654677900000,0.08101,,
2340,1654678800000,0.08087,,
2341,1654679700000,0.08074,,
2342,1654680600000,0.08096,,
2343,1654681500000,0.08113,,
2344,1654682400000,0.08071,,
2345,1654683300000,0.08061,,
2346,1654684200000,0.08083,,
2347,1654685100000,0.08051,,
2348,1654686000000,0.08064,,
2349,1654686900000,0.08047,,
2350,1654687800000,0.0807,,
2351,1654688700000,0.08027,,
2352,1654689600000,0.08027,,
2353,1654690500000,0.08013,,
2354,1654691400000,0.08015,,
2355,1654692300000,0.08013,,
2356,1654693200000,0.08014,,
2357,1654694100000,0.08007,,
2358,1654695000000,0.08057,,
2359,1654695900000,0.08087,,
2360,1654696800000,0.08083,,
2361,1654697700000,0.08061,,
2362,1654698600000,0.08096,,
2363,1654699500000,0.08088,,
2364,1654700400000,0.08093,,
2365,1654701300000,0.08088,,
2366,1654702200000,0.08073,,
2367,1654703100000,0.08078,,
2368,1654704000000,0.0809,,
2369,1654704900000,0.08066,,
2370,1654705800000,0.08053,,
2371,1654706700000,0.08067,,
2372,1654707600000,0.0811,,
2373,1654708500000,0.08102,,
2374,1654709400000,0.08095,,
2375,1654710300000,0.0811,,
2376,1654711200000,0.08107,,
2377,1654712100000,0.08093,,
2378,1654713000000,0.08108,,
2379,1654713900000,0.08121,,
2380,1654714800000,0.08129,,
2381,1654715700000,0.08135,,
2382,1654716600000,0.08137,,
2383,1654717500000,0.08134,,
2384,1654718400000,0.08127,,
2385,1654719300000,0.08107,,
2386,1654720200000,0.08096,,
2387,1654721100000,0.08094,,
2388,1654722000000,0.08106,,
2389,1654722900000,0.08119,,
2390,1654723800000,0.08108,,
2391,1654724700000,0.08136,,
2392,1654725600000,0.08126,,
2393,1654726500000,0.0811,,
2394,1654727400000,0.08111,,
2395,1654728300000,0.08106,,
2396,1654729200000,0.08112,,
2397,1654730100000,0.08067,,
2398,1654731000000,0.08046,,
2399,1654731900000,0.08062,,
2400,1654732800000,0.08034,,
2401,1654733700000,0.08015,,
2402,1654734600000,0.0803,,
2403,1654735500000,0.08033,,
2404,1654736400000,0.08059,,
2405,1654737300000,0.08074,,
2406,1654738200000,0.08078,,
2407,1654739100000,0.08056,,
2408,1654740000000,0.08041,,
2409,1654740900000,0.08082,,
2410,1654741800000,0.08086,,
2411,1654742700000,0.08096,,
2412,1654743600000,0.08101,,
2413,1654744500000,0.08106,,
2414,1654745400000,0.08105,,
2415,1654746300000,0.08108,,
2416,1654747200000,0.08097,,
2417,1654748100000,0.08103,,
2418,1654749000000,0.081,,
2419,1654749900000,0.08116,,
2420,1654750800000,0.08122,,
2421,1654751700000,0.08122,,
2422,1654752600000,0.08114,,
2423,1654753500000,0.08102,,
2424,1654754400000,0.08096,,
2425,1654755300000,0.08086,,
2426,1654756200000,0.0809,,
2427,1654757100000,0.08093,,
2428,1654758000000,0.08117,,
2429,1654758900000,0.08128,,
2430,1654759800000,0.08122,,
2431,1654760700000,0.08158,,
2432,1654761600000,0.0814,,
2433,1654762500000,0.08171,,
2434,1654763400000,0.08154,,
2435,1654764300000,0.08178,,
2436,1654765200000,0.0816,,
2437,1654766100000,0.08156,,
2438,1654767000000,0.08138,,
2439,1654767900000,0.08144,,
2440,1654768800000,0.08142,,
2441,1654769700000,0.08151,,
2442,1654770600000,0.08136,,
2443,1654771500000,0.08118,,
2444,1654772400000,0.08084,,
2445,1654773300000,0.08076,,
2446,1654774200000,0.08081,,
2447,1654775100000,0.08066,,
2448,1654776000000,0.08066,,
2449,1654776900000,0.08082,,
2450,1654777800000,0.08106,,
2451,1654778700000,0.081,,
2452,1654779600000,0.08125,,
2453,1654780500000,0.08147,,
2454,1654781400000,0.08084,,
2455,1654782300000,0.08127,,
2456,1654783200000,0.08135,,
2457,1654784100000,0.08121,,
2458,1654785000000,0.0811,,
2459,1654785900000,0.0811,,
2460,1654786800000,0.08088,,
2461,1654787700000,0.08121,,
2462,1654788600000,0.08128,,
2463,1654789500000,0.08134,,
2464,1654790400000,0.08122,,
2465,1654791300000,0.08115,,
2466,1654792200000,0.08136,,
2467,1654793100000,0.08142,,
2468,1654794000000,0.08139,,
2469,1654794900000,0.08136,,
2470,1654795800000,0.08117,,
2471,1654796700000,0.08131,,
2472,1654797600000,0.08126,,
2473,1654798500000,0.08122,,
2474,1654799400000,0.08111,,
2475,1654800300000,0.08115,,
2476,1654801200000,0.08116,,
2477,1654802100000,0.08113,,
2478,1654803000000,0.08111,,
2479,1654803900000,0.0809,,
2480,1654804800000,0.08118,,
2481,1654805700000,0.08122,,
2482,1654806600000,0.0809,,
2483,1654807500000,0.08099,,
2484,1654808400000,0.08124,,
2485,1654809300000,0.08131,,
2486,1654810200000,0.08143,,
2487,1654811100000,0.08122,,
2488,1654812000000,0.0812,,
2489,1654812900000,0.08122,,
2490,1654813800000,0.0812,,
2491,1654814700000,0.08108,,
2492,1654815600000,0.08091,,
2493,1654816500000,0.08087,,
2494,1654817400000,0.0809,,
2495,1654818300000,0.08102,,
2496,1654819200000,0.0807,,
2497,1654820100000,0.08055,,
2498,1654821000000,0.08069,,
2499,1654821900000,0.08033,,
2500,1654822800000,0.08043,,
2501,1654823700000,0.08064,,
2502,1654824600000,0.08094,,
2503,1654825500000,0.08086,,
2504,1654826400000,0.08102,,
2505,1654827300000,0.08104,,
2506,1654828200000,0.08088,,
2507,1654829100000,0.08085,,
2508,1654830000000,0.08129,,
2509,1654830900000,0.08134,,
2510,1654831800000,0.08139,,
2511,1654832700000,0.08125,,
2512,1654833600000,0.08115,,
2513,1654834500000,0.08123,,
2514,1654835400000,0.08137,,
2515,1654836300000,0.08148,,
2516,1654837200000,0.08154,,
2517,1654838100000,0.08146,,
2518,1654839000000,0.08139,,
2519,1654839900000,0.08123,,
2520,1654840800000,0.08127,,
2521,1654841700000,0.08131,,
2522,1654842600000,0.08111,,
2523,1654843500000,0.08124,,
2524,1654844400000,0.08113,,
2525,1654845300000,0.08113,,
2526,1654846200000,0.08108,,
2527,1654847100000,0.081,,
2528,1654848000000,0.08102,,
2529,1654848900000,0.08111,,
2530,1654849800000,0.08087,,
2531,1654850700000,0.08113,,
2532,1654851600000,0.08087,,
2533,1654852500000,0.08107,,
2534,1654853400000,0.08095,,
2535,1654854300000,0.08078,,
2536,1654855200000,0.08071,,
2537,1654856100000,0.08097,,
2538,1654857000000,0.08117,,
2539,1654857900000,0.08108,,
2540,1654858800000,0.0811,,
2541,1654859700000,0.08109,,
2542,1654860600000,0.08104,,
2543,1654861500000,0.08089,,
2544,1654862400000,0.081,,
2545,1654863300000,0.08105,,
2546,1654864200000,0.08053,,
2547,1654865100000,0.08029,,
2548,1654866000000,0.08015,,
2549,1654866900000,0.07989,,
2550,1654867800000,0.07983,,
2551,1654868700000,0.07995,,
2552,1654869600000,0.08005,,
2553,1654870500000,0.07998,,
2554,1654871400000,0.07997,,
2555,1654872300000,0.0797,,
2556,1654873200000,0.07967,,
2557,1654874100000,0.07975,,
2558,1654875000000,0.07973,,
2559,1654875900000,0.07997,,
2560,1654876800000,0.08011,,
2561,1654877700000,0.0796,,
2562,1654878600000,0.07941,,
2563,1654879500000,0.07938,,
2564,1654880400000,0.07913,,
2565,1654881300000,0.07961,,
2566,1654882200000,0.07897,,
2567,1654883100000,0.07903,,
2568,1654884000000,0.0792,,
2569,1654884900000,0.07954,,
2570,1654885800000,0.07943,,
2571,1654886700000,0.07936,,
2572,1654887600000,0.07919,,
2573,1654888500000,0.07936,,
2574,1654889400000,0.07937,,
2575,1654890300000,0.07926,,
2576,1654891200000,0.0795,,
2577,1654892100000,0.0794,,
2578,1654893000000,0.07941,,
2579,1654893900000,0.07941,,
2580,1654894800000,0.07926,,
2581,1654895700000,0.07937,,
2582,1654896600000,0.07955,,
2583,1654897500000,0.07952,,
2584,1654898400000,0.07913,,
2585,1654899300000,0.07919,,
2586,1654900200000,0.07909,,
2587,1654901100000,0.07911,,
2588,1654902000000,0.07915,,
2589,1654902900000,0.07905,,
2590,1654903800000,0.07894,,
2591,1654904700000,0.07893,,
2592,1654905600000,0.07889,,
2593,1654906500000,0.07899,,
2594,1654907400000,0.07922,,
2595,1654908300000,0.07935,,
2596,1654909200000,0.0793,,
2597,1654910100000,0.07952,,
2598,1654911000000,0.07972,,
2599,1654911900000,0.0796,,
2600,1654912800000,0.07942,,
2601,1654913700000,0.07942,,
2602,1654914600000,0.0794,,
2603,1654915500000,0.07942,,
2604,1654916400000,0.07944,,
2605,1654917300000,0.07942,,
2606,1654918200000,0.07941,,
2607,1654919100000,0.07936,,
2608,1654920000000,0.07952,,
2609,1654920900000,0.07948,,
2610,1654921800000,0.07952,,
2611,1654922700000,0.07983,,
2612,1654923600000,0.07979,,
2613,1654924500000,0.07982,,
2614,1654925400000,0.07983,,
2615,1654926300000,0.07977,,
2616,1654927200000,0.07982,,
2617,1654928100000,0.07995,,
2618,1654929000000,0.07982,,
2619,1654929900000,0.07978,,
2620,1654930800000,0.07979,,
2621,1654931700000,0.07986,,
2622,1654932600000,0.08031,,
2623,1654933500000,0.08015,,
2624,1654934400000,0.08005,,
2625,1654935300000,0.07999,,
2626,1654936200000,0.07979,,
2627,1654937100000,0.07942,,
2628,1654938000000,0.07963,,
2629,1654938900000,0.0793,,
2630,1654939800000,0.07964,,
2631,1654940700000,0.07966,,
2632,1654941600000,0.07958,,
2633,1654942500000,0.07916,,
2634,1654943400000,0.07909,,
2635,1654944300000,0.07896,,
2636,1654945200000,0.07872,,
2637,1654946100000,0.07807,,
2638,1654947000000,0.07808,,
2639,1654947900000,0.07793,,
2640,1654948800000,0.07803,,
2641,1654949700000,0.07784,,
2642,1654950600000,0.07739,,
2643,1654951500000,0.07685,,
2644,1654952400000,0.07711,,
2645,1654953300000,0.07703,,
2646,1654954200000,0.07732,,
2647,1654955100000,0.07707,,
2648,1654956000000,0.07691,,
2649,1654956900000,0.07644,,
2650,1654957800000,0.07543,,
2651,1654958700000,0.07512,,
2652,1654959600000,0.07532,,
2653,1654960500000,0.07577,,
2654,1654961400000,0.07521,,
2655,1654962300000,0.07552,,
2656,1654963200000,0.07581,,
2657,1654964100000,0.07597,,
2658,1654965000000,0.07639,,
2659,1654965900000,0.07675,,
2660,1654966800000,0.07666,,
2661,1654967700000,0.07658,,
2662,1654968600000,0.07639,,
2663,1654969500000,0.07616,,
2664,1654970400000,0.07624,,
2665,1654971300000,0.07648,,
2666,1654972200000,0.07718,,
2667,1654973100000,0.07722,,
2668,1654974000000,0.07721,,
2669,1654974900000,0.0769,,
2670,1654975800000,0.07695,,
2671,1654976700000,0.07683,,
2672,1654977600000,0.07658,,
2673,1654978500000,0.07639,,
2674,1654979400000,0.07617,,
2675,1654980300000,0.07584,,
2676,1654981200000,0.07618,,
2677,1654982100000,0.07624,,
2678,1654983000000,0.07633,,
2679,1654983900000,0.07615,,
2680,1654984800000,0.07621,,
2681,1654985700000,0.07635,,
2682,1654986600000,0.07641,,
2683,1654987500000,0.07656,,
2684,1654988400000,0.07613,,
2685,1654989300000,0.076,,
2686,1654990200000,0.07596,,
2687,1654991100000,0.0762,,
2688,1654992000000,0.07637,,
2689,1654992900000,0.07637,,
2690,1654993800000,0.07666,,
2691,1654994700000,0.07626,,
2692,1654995600000,0.07605,,
2693,1654996500000,0.07597,,
2694,1654997400000,0.07581,,
2695,1654998300000,0.07575,,
2696,1654999200000,0.07606,,
2697,1655000100000,0.07523,,
2698,1655001000000,0.07509,,
2699,1655001900000,0.07499,,
2700,1655002800000,0.07516,,
2701,1655003700000,0.07482,,
2702,1655004600000,0.07514,,
2703,1655005500000,0.07492,,
2704,1655006400000,0.07498,,
2705,1655007300000,0.07491,,
2706,1655008200000,0.07477,,
2707,1655009100000,0.07455,,
2708,1655010000000,0.07459,,
2709,1655010900000,0.07443,,
2710,1655011800000,0.07472,,
2711,1655012700000,0.07463,,
2712,1655013600000,0.07471,,
2713,1655014500000,0.07494,,
2714,1655015400000,0.07499,,
2715,1655016300000,0.07495,,
2716,1655017200000,0.0748,,
2717,1655018100000,0.07454,,
2718,1655019000000,0.07458,,
2719,1655019900000,0.07509,,
2720,1655020800000,0.07528,,
2721,1655021700000,0.07593,,
2722,1655022600000,0.07589,,
2723,1655023500000,0.07585,,
2724,1655024400000,0.07642,,
2725,1655025300000,0.0763,,
2726,1655026200000,0.07594,,
2727,1655027100000,0.07599,,
2728,1655028000000,0.07592,,
2729,1655028900000,0.07628,,
2730,1655029800000,0.07654,,
2731,1655030700000,0.07631,,
2732,1655031600000,0.07595,,
2733,1655032500000,0.07597,,
2734,1655033400000,0.07629,,
2735,1655034300000,0.07634,,
2736,1655035200000,0.07663,,
2737,1655036100000,0.0777,,
2738,1655037000000,0.07711,,
2739,1655037900000,0.07727,,
2740,1655038800000,0.07711,,
2741,1655039700000,0.07649,,
2742,1655040600000,0.07588,,
2743,1655041500000,0.07542,,
2744,1655042400000,0.07543,,
2745,1655043300000,0.07678,,
2746,1655044200000,0.0766,,
2747,1655045100000,0.0777,,
2748,1655046000000,0.07793,,
2749,1655046900000,0.07822,,
2750,1655047800000,0.07812,,
2751,1655048700000,0.07816,,
2752,1655049600000,0.07839,,
2753,1655050500000,0.07799,,
2754,1655051400000,0.07803,,
2755,1655052300000,0.07786,,
2756,1655053200000,0.07818,,
2757,1655054100000,0.0782,,
2758,1655055000000,0.07817,,
2759,1655055900000,0.07815,,
2760,1655056800000,0.07808,,
2761,1655057700000,0.07818,,
2762,1655058600000,0.07799,,
2763,1655059500000,0.07791,,
2764,1655060400000,0.07779,,
2765,1655061300000,0.07711,,
2766,1655062200000,0.07712,,
2767,1655063100000,0.07675,,
2768,1655064000000,0.07669,,
2769,1655064900000,0.07677,,
2770,1655065800000,0.07669,,
2771,1655066700000,0.07674,,
2772,1655067600000,0.07691,,
2773,1655068500000,0.07671,,
2774,1655069400000,0.07653,,
2775,1655070300000,0.07645,,
2776,1655071200000,0.07656,,
2777,1655072100000,0.07641,,
2778,1655073000000,0.07637,,
2779,1655073900000,0.07604,,
2780,1655074800000,0.07675,,
2781,1655075700000,0.07706,,
2782,1655076600000,0.07664,,
2783,1655077500000,0.07618,,
2784,1655078400000,0.07625,,
2785,1655079300000,0.07648,,
2786,1655080200000,0.07585,,
2787,1655081100000,0.07474,,
2788,1655082000000,0.07449,,
2789,1655082900000,0.07432,,
2790,1655083800000,0.07496,,
2791,1655084700000,0.0745,,
2792,1655085600000,0.07402,,
2793,1655086500000,0.0743,,
2794,1655087400000,0.07386,,
2795,1655088300000,0.07335,,
2796,1655089200000,0.07338,,
2797,1655090100000,0.07314,,
2798,1655091000000,0.07366,,
2799,1655091900000,0.07304,,
2800,1655092800000,0.07389,,
2801,1655093700000,0.07433,,
2802,1655094600000,0.07375,,
2803,1655095500000,0.0726,,
2804,1655096400000,0.07135,,
2805,1655097300000,0.07046,,
2806,1655098200000,0.06974,,
2807,1655099100000,0.06839,,
2808,1655100000000,0.06776,,
2809,1655100900000,0.06704,,
2810,1655101800000,0.06525,,
2811,1655102700000,0.06362,,
2812,1655103600000,0.06281,,
2813,1655104500000,0.06172,,
2814,1655105400000,0.06121,,
2815,1655106300000,0.06155,,
2816,1655107200000,0.06448,,
2817,1655108100000,0.06375,,
2818,1655109000000,0.06448,,
2819,1655109900000,0.06264,,
2820,1655110800000,0.06517,,
2821,1655111700000,0.06455,,
2822,1655112600000,0.06319,,
2823,1655113500000,0.06411,,
2824,1655114400000,0.06355,,
2825,1655115300000,0.06412,,
2826,1655116200000,0.06413,,
2827,1655117100000,0.06326,,
2828,1655118000000,0.06276,,
2829,1655118900000,0.0626,,
2830,1655119800000,0.06286,,
2831,1655120700000,0.06302,,
2832,1655121600000,0.06474,,
2833,1655122500000,0.06396,,
2834,1655123400000,0.06346,,
2835,1655124300000,0.06272,,
2836,1655125200000,0.06305,,
2837,1655126100000,0.06272,,
2838,1655127000000,0.06345,,
2839,1655127900000,0.06316,,
2840,1655128800000,0.06319,,
2841,1655129700000,0.06345,,
2842,1655130600000,0.06276,,
2843,1655131500000,0.06287,,
2844,1655132400000,0.06314,,
2845,1655133300000,0.06351,,
2846,1655134200000,0.06473,,
2847,1655135100000,0.06426,,
2848,1655136000000,0.06597,,
2849,1655136900000,0.06541,,
2850,1655137800000,0.06478,,
2851,1655138700000,0.06502,,
2852,1655139600000,0.06429,,
2853,1655140500000,0.06369,,
2854,1655141400000,0.06431,,
2855,1655142300000,0.0646,,
2856,1655143200000,0.06481,,
2857,1655144100000,0.0646,,
2858,1655145000000,0.06471,,
2859,1655145900000,0.06419,,
2860,1655146800000,0.06405,,
2861,1655147700000,0.06399,,
2862,1655148600000,0.0644,,
2863,1655149500000,0.06431,,
2864,1655150400000,0.06487,,
2865,1655151300000,0.06574,,
2866,1655152200000,0.06528,,
2867,1655153100000,0.06485,,
2868,1655154000000,0.06471,,
2869,1655154900000,0.06454,,
2870,1655155800000,0.06394,,
2871,1655156700000,0.0633,,
2872,1655157600000,0.06347,,
2873,1655158500000,0.06307,,
2874,1655159400000,0.06302,,
2875,1655160300000,0.06272,,
2876,1655161200000,0.06306,,
2877,1655162100000,0.06321,,
2878,1655163000000,0.06334,,
2879,1655163900000,0.06387,,
2880,1655164800000,0.06455,,
2881,1655165700000,0.06337,,
2882,1655166600000,0.06333,,
2883,1655167500000,0.06234,,
2884,1655168400000,0.06223,,
2885,1655169300000,0.0612,,
2886,1655170200000,0.05952,,
2887,1655171100000,0.05698,,
2888,1655172000000,0.05741,,
2889,1655172900000,0.05722,,
2890,1655173800000,0.05784,,
2891,1655174700000,0.05922,,
2892,1655175600000,0.06014,,
2893,1655176500000,0.06072,,
2894,1655177400000,0.06071,,
2895,1655178300000,0.06075,,
2896,1655179200000,0.06095,,
2897,1655180100000,0.06059,,
2898,1655181000000,0.06052,,
2899,1655181900000,0.06049,,
2900,1655182800000,0.06069,,
2901,1655183700000,0.06239,,
2902,1655184600000,0.06262,,
2903,1655185500000,0.06308,,
2904,1655186400000,0.06253,,
2905,1655187300000,0.06242,,
2906,1655188200000,0.06206,,
2907,1655189100000,0.06197,,
2908,1655190000000,0.06134,,
2909,1655190900000,0.06101,,
2910,1655191800000,0.06175,,
2911,1655192700000,0.0622,,
2912,1655193600000,0.0617,,
2913,1655194500000,0.06178,,
2914,1655195400000,0.06151,,
2915,1655196300000,0.06123,,
2916,1655197200000,0.06096,,
2917,1655198100000,0.06046,,
2918,1655199000000,0.06026,,
2919,1655199900000,0.06,,
2920,1655200800000,0.05982,,
2921,1655201700000,0.05995,,
2922,1655202600000,0.06007,,
2923,1655203500000,0.05982,,
2924,1655204400000,0.05937,,
2925,1655205300000,0.05873,,
2926,1655206200000,0.05853,,
2927,1655207100000,0.05852,,
2928,1655208000000,0.0583,,
2929,1655208900000,0.05751,,
2930,1655209800000,0.05931,,
2931,1655210700000,0.05894,,
2932,1655211600000,0.05948,,
2933,1655212500000,0.05992,,
2934,1655213400000,0.05899,,
2935,1655214300000,0.05979,,
2936,1655215200000,0.05977,,
